2018-10-16	10:30 PM	OKC	GSW	Oklahoma City Thunder	Golden State Warriors
2018-10-16	8:00 PM	PHI	BOS	Philadelphia 76ers	Boston Celtics
2018-10-17	10:00 PM	UTA	SAC	Utah Jazz	Sacramento Kings
2018-10-17	10:30 PM	DAL	PHX	Dallas Mavericks	Phoenix Suns
2018-10-17	10:30 PM	DEN	LAC	Denver Nuggets	LA Clippers
2018-10-17	7:00 PM	BKN	DET	Brooklyn Nets	Detroit Pistons
2018-10-17	7:00 PM	MEM	IND	Memphis Grizzlies	Indiana Pacers
2018-10-17	7:00 PM	MIA	ORL	Miami Heat	Orlando Magic
2018-10-17	7:00 PM	MIL	CHA	Milwaukee Bucks	Charlotte Hornets
2018-10-17	7:30 PM	ATL	NYK	Atlanta Hawks	New York Knicks
2018-10-17	7:30 PM	CLE	TOR	Cleveland Cavaliers	Toronto Raptors
2018-10-17	8:00 PM	NOP	HOU	New Orleans Pelicans	Houston Rockets
2018-10-17	8:30 PM	MIN	SAS	Minnesota Timberwolves	San Antonio Spurs
2018-10-18	10:30 PM	LAL	POR	Los Angeles Lakers	Portland Trail Blazers
2018-10-18	8:00 PM	CHI	PHI	Chicago Bulls	Philadelphia 76ers
2018-10-18	8:00 PM	MIA	WAS	Miami Heat	Washington Wizards
2018-10-19	10:30 PM	GSW	UTA	Golden State Warriors	Utah Jazz
2018-10-19	10:30 PM	OKC	LAC	Oklahoma City Thunder	LA Clippers
2018-10-19	7:00 PM	CHA	ORL	Charlotte Hornets	Orlando Magic
2018-10-19	7:30 PM	NYK	BKN	New York Knicks	Brooklyn Nets
2018-10-19	8:00 PM	ATL	MEM	Atlanta Hawks	Memphis Grizzlies
2018-10-19	8:00 PM	BOS	TOR	Boston Celtics	Toronto Raptors
2018-10-19	8:00 PM	CLE	MIN	Cleveland Cavaliers	Minnesota Timberwolves
2018-10-19	8:00 PM	SAC	NOP	Sacramento Kings	New Orleans Pelicans
2018-10-19	8:30 PM	IND	MIL	Indiana Pacers	Milwaukee Bucks
2018-10-20	10:00 PM	SAS	POR	San Antonio Spurs	Portland Trail Blazers
2018-10-20	10:30 PM	HOU	LAL	Houston Rockets	Los Angeles Lakers
2018-10-20	7:00 PM	BKN	IND	Brooklyn Nets	Indiana Pacers
2018-10-20	7:00 PM	TOR	WAS	Toronto Raptors	Washington Wizards
2018-10-20	7:30 PM	BOS	NYK	Boston Celtics	New York Knicks
2018-10-20	7:30 PM	ORL	PHI	Orlando Magic	Philadelphia 76ers
2018-10-20	8:00 PM	CHA	MIA	Charlotte Hornets	Miami Heat
2018-10-20	8:00 PM	DET	CHI	Detroit Pistons	Chicago Bulls
2018-10-20	8:30 PM	MIN	DAL	Minnesota Timberwolves	Dallas Mavericks
2018-10-20	9:00 PM	PHX	DEN	Phoenix Suns	Denver Nuggets
2018-10-21	6:00 PM	ATL	CLE	Atlanta Hawks	Cleveland Cavaliers
2018-10-21	7:00 PM	SAC	OKC	Sacramento Kings	Oklahoma City Thunder
2018-10-21	8:00 PM	GSW	DEN	Golden State Warriors	Denver Nuggets
2018-10-21	9:00 PM	HOU	LAC	Houston Rockets	LA Clippers
2018-10-22	10:00 PM	WAS	POR	Washington Wizards	Portland Trail Blazers
2018-10-22	10:30 PM	PHX	GSW	Phoenix Suns	Golden State Warriors
2018-10-22	10:30 PM	SAS	LAL	San Antonio Spurs	Los Angeles Lakers
2018-10-22	7:30 PM	CHA	TOR	Charlotte Hornets	Toronto Raptors
2018-10-22	7:30 PM	ORL	BOS	Orlando Magic	Boston Celtics
2018-10-22	8:00 PM	IND	MIN	Indiana Pacers	Minnesota Timberwolves
2018-10-22	8:00 PM	NYK	MIL	New York Knicks	Milwaukee Bucks
2018-10-22	8:30 PM	CHI	DAL	Chicago Bulls	Dallas Mavericks
2018-10-22	9:00 PM	MEM	UTA	Memphis Grizzlies	Utah Jazz
2018-10-23	7:00 PM	PHI	DET	Philadelphia 76ers	Detroit Pistons
2018-10-23	8:00 PM	LAC	NOP	LA Clippers	New Orleans Pelicans
2018-10-23	9:00 PM	SAC	DEN	Sacramento Kings	Denver Nuggets
2018-10-24	10:00 PM	LAL	PHX	Los Angeles Lakers	Phoenix Suns
2018-10-24	10:00 PM	MEM	SAC	Memphis Grizzlies	Sacramento Kings
2018-10-24	10:30 PM	WAS	GSW	Washington Wizards	Golden State Warriors
2018-10-24	7:00 PM	BKN	CLE	Brooklyn Nets	Cleveland Cavaliers
2018-10-24	7:00 PM	DAL	ATL	Dallas Mavericks	Atlanta Hawks
2018-10-24	7:30 PM	MIN	TOR	Minnesota Timberwolves	Toronto Raptors
2018-10-24	7:30 PM	NYK	MIA	New York Knicks	Miami Heat
2018-10-24	8:00 PM	CHA	CHI	Charlotte Hornets	Chicago Bulls
2018-10-24	8:00 PM	UTA	HOU	Utah Jazz	Houston Rockets
2018-10-24	8:30 PM	IND	SAS	Indiana Pacers	San Antonio Spurs
2018-10-24	9:30 PM	PHI	MIL	Philadelphia 76ers	Milwaukee Bucks
2018-10-25	10:30 PM	DEN	LAL	Denver Nuggets	Los Angeles Lakers
2018-10-25	7:00 PM	CLE	DET	Cleveland Cavaliers	Detroit Pistons
2018-10-25	7:00 PM	POR	ORL	Portland Trail Blazers	Orlando Magic
2018-10-25	8:00 PM	BOS	OKC	Boston Celtics	Oklahoma City Thunder
2018-10-26	10:00 PM	WAS	SAC	Washington Wizards	Sacramento Kings
2018-10-26	7:00 PM	CHI	CHA	Chicago Bulls	Charlotte Hornets
2018-10-26	7:30 PM	DAL	TOR	Dallas Mavericks	Toronto Raptors
2018-10-26	7:30 PM	GSW	NYK	Golden State Warriors	New York Knicks
2018-10-26	8:00 PM	BKN	NOP	Brooklyn Nets	New Orleans Pelicans
2018-10-26	8:00 PM	LAC	HOU	LA Clippers	Houston Rockets
2018-10-26	8:00 PM	MIL	MIN	Milwaukee Bucks	Minnesota Timberwolves
2018-10-27	7:00 PM	BOS	DET	Boston Celtics	Detroit Pistons
2018-10-27	7:00 PM	UTA	NOP	Utah Jazz	New Orleans Pelicans
2018-10-27	7:30 PM	CHA	PHI	Charlotte Hornets	Philadelphia 76ers
2018-10-27	7:30 PM	CHI	ATL	Chicago Bulls	Atlanta Hawks
2018-10-27	7:30 PM	IND	CLE	Indiana Pacers	Cleveland Cavaliers
2018-10-27	8:00 PM	PHX	MEM	Phoenix Suns	Memphis Grizzlies
2018-10-27	8:00 PM	POR	MIA	Portland Trail Blazers	Miami Heat
2018-10-27	8:30 PM	LAL	SAS	Los Angeles Lakers	San Antonio Spurs
2018-10-27	8:30 PM	ORL	MIL	Orlando Magic	Milwaukee Bucks
2018-10-28	5:00 PM	GSW	BKN	Golden State Warriors	Brooklyn Nets
2018-10-28	7:00 PM	PHX	OKC	Phoenix Suns	Oklahoma City Thunder
2018-10-28	7:00 PM	UTA	DAL	Utah Jazz	Dallas Mavericks
2018-10-28	9:30 PM	WAS	LAC	Washington Wizards	LA Clippers
2018-10-29	7:00 PM	ATL	PHI	Atlanta Hawks	Philadelphia 76ers
2018-10-29	7:00 PM	POR	IND	Portland Trail Blazers	Indiana Pacers
2018-10-29	7:30 PM	BKN	NYK	Brooklyn Nets	New York Knicks
2018-10-29	7:30 PM	SAC	MIA	Sacramento Kings	Miami Heat
2018-10-29	8:00 PM	GSW	CHI	Golden State Warriors	Chicago Bulls
2018-10-29	8:00 PM	LAL	MIN	Los Angeles Lakers	Minnesota Timberwolves
2018-10-29	8:00 PM	TOR	MIL	Toronto Raptors	Milwaukee Bucks
2018-10-29	8:30 PM	DAL	SAS	Dallas Mavericks	San Antonio Spurs
2018-10-29	9:00 PM	NOP	DEN	New Orleans Pelicans	Denver Nuggets
2018-10-30	7:00 PM	ATL	CLE	Atlanta Hawks	Cleveland Cavaliers
2018-10-30	7:00 PM	MIA	CHA	Miami Heat	Charlotte Hornets
2018-10-30	7:00 PM	SAC	ORL	Sacramento Kings	Orlando Magic
2018-10-30	7:30 PM	DET	BOS	Detroit Pistons	Boston Celtics
2018-10-30	7:30 PM	PHI	TOR	Philadelphia 76ers	Toronto Raptors
2018-10-30	8:00 PM	LAC	OKC	LA Clippers	Oklahoma City Thunder
2018-10-30	8:00 PM	POR	HOU	Portland Trail Blazers	Houston Rockets
2018-10-30	8:00 PM	WAS	MEM	Washington Wizards	Memphis Grizzlies
2018-10-31	10:30 PM	DAL	LAL	Dallas Mavericks	Los Angeles Lakers
2018-10-31	10:30 PM	NOP	GSW	New Orleans Pelicans	Golden State Warriors
2018-10-31	10:30 PM	SAS	PHX	San Antonio Spurs	Phoenix Suns
2018-10-31	7:30 PM	DET	BKN	Detroit Pistons	Brooklyn Nets
2018-10-31	8:00 PM	DEN	CHI	Denver Nuggets	Chicago Bulls
2018-10-31	8:00 PM	IND	NYK	Indiana Pacers	New York Knicks
2018-10-31	8:00 PM	UTA	MIN	Utah Jazz	Minnesota Timberwolves
2018-11-01	10:30 PM	NOP	POR	New Orleans Pelicans	Portland Trail Blazers
2018-11-01	7:00 PM	DEN	CLE	Denver Nuggets	Cleveland Cavaliers
2018-11-01	7:00 PM	LAC	PHI	LA Clippers	Philadelphia 76ers
2018-11-01	7:00 PM	OKC	CHA	Oklahoma City Thunder	Charlotte Hornets
2018-11-01	7:30 PM	SAC	ATL	Sacramento Kings	Atlanta Hawks
2018-11-01	8:00 PM	MIL	BOS	Milwaukee Bucks	Boston Celtics
2018-11-02	10:00 PM	TOR	PHX	Toronto Raptors	Phoenix Suns
2018-11-02	10:30 PM	MIN	GSW	Minnesota Timberwolves	Golden State Warriors
2018-11-02	7:00 PM	LAC	ORL	LA Clippers	Orlando Magic
2018-11-02	7:30 PM	HOU	BKN	Houston Rockets	Brooklyn Nets
2018-11-02	8:00 PM	IND	CHI	Indiana Pacers	Chicago Bulls
2018-11-02	8:00 PM	OKC	WAS	Oklahoma City Thunder	Washington Wizards
2018-11-02	8:30 PM	NYK	DAL	New York Knicks	Dallas Mavericks
2018-11-02	9:00 PM	MEM	UTA	Memphis Grizzlies	Utah Jazz
2018-11-03	10:00 PM	LAL	POR	Los Angeles Lakers	Portland Trail Blazers
2018-11-03	1:00 PM	DET	PHI	Detroit Pistons	Philadelphia 76ers
2018-11-03	7:00 PM	BOS	IND	Boston Celtics	Indiana Pacers
2018-11-03	7:00 PM	CLE	CHA	Cleveland Cavaliers	Charlotte Hornets
2018-11-03	7:30 PM	MIA	ATL	Miami Heat	Atlanta Hawks
2018-11-03	8:00 PM	HOU	CHI	Houston Rockets	Chicago Bulls
2018-11-03	8:30 PM	NOP	SAS	New Orleans Pelicans	San Antonio Spurs
2018-11-03	9:00 PM	UTA	DEN	Utah Jazz	Denver Nuggets
2018-11-04	3:30 PM	SAC	MIL	Sacramento Kings	Milwaukee Bucks
2018-11-04	6:00 PM	NYK	WAS	New York Knicks	Washington Wizards
2018-11-04	6:00 PM	PHI	BKN	Philadelphia 76ers	Brooklyn Nets
2018-11-04	7:00 PM	ORL	SAS	Orlando Magic	San Antonio Spurs
2018-11-04	8:00 PM	MEM	PHX	Memphis Grizzlies	Phoenix Suns
2018-11-04	9:00 PM	MIN	POR	Minnesota Timberwolves	Portland Trail Blazers
2018-11-04	9:30 PM	TOR	LAL	Toronto Raptors	Los Angeles Lakers
2018-11-05	10:30 PM	MEM	GSW	Memphis Grizzlies	Golden State Warriors
2018-11-05	10:30 PM	MIN	LAC	Minnesota Timberwolves	LA Clippers
2018-11-05	7:00 PM	CLE	ORL	Cleveland Cavaliers	Orlando Magic
2018-11-05	7:00 PM	HOU	IND	Houston Rockets	Indiana Pacers
2018-11-05	7:00 PM	MIA	DET	Miami Heat	Detroit Pistons
2018-11-05	7:30 PM	CHI	NYK	Chicago Bulls	New York Knicks
2018-11-05	8:00 PM	NOP	OKC	New Orleans Pelicans	Oklahoma City Thunder
2018-11-05	9:00 PM	BOS	DEN	Boston Celtics	Denver Nuggets
2018-11-05	9:00 PM	TOR	UTA	Toronto Raptors	Utah Jazz
2018-11-06	10:00 PM	MIL	POR	Milwaukee Bucks	Portland Trail Blazers
2018-11-06	7:00 PM	ATL	CHA	Atlanta Hawks	Charlotte Hornets
2018-11-06	8:30 PM	WAS	DAL	Washington Wizards	Dallas Mavericks
2018-11-06	9:00 PM	BKN	PHX	Brooklyn Nets	Phoenix Suns
2018-11-07	10:00 PM	TOR	SAC	Toronto Raptors	Sacramento Kings
2018-11-07	10:30 PM	MIN	LAL	Minnesota Timberwolves	Los Angeles Lakers
2018-11-07	7:00 PM	DET	ORL	Detroit Pistons	Orlando Magic
2018-11-07	7:00 PM	OKC	CLE	Oklahoma City Thunder	Cleveland Cavaliers
2018-11-07	7:30 PM	NYK	ATL	New York Knicks	Atlanta Hawks
2018-11-07	7:30 PM	SAS	MIA	San Antonio Spurs	Miami Heat
2018-11-07	8:00 PM	CHI	NOP	Chicago Bulls	New Orleans Pelicans
2018-11-07	8:00 PM	DEN	MEM	Denver Nuggets	Memphis Grizzlies
2018-11-07	8:00 PM	PHI	IND	Philadelphia 76ers	Indiana Pacers
2018-11-07	9:00 PM	DAL	UTA	Dallas Mavericks	Utah Jazz
2018-11-08	10:00 PM	LAC	POR	LA Clippers	Portland Trail Blazers
2018-11-08	10:30 PM	MIL	GSW	Milwaukee Bucks	Golden State Warriors
2018-11-08	8:00 PM	HOU	OKC	Houston Rockets	Oklahoma City Thunder
2018-11-08	9:00 PM	BOS	PHX	Boston Celtics	Phoenix Suns
2018-11-09	10:00 PM	MIN	SAC	Minnesota Timberwolves	Sacramento Kings
2018-11-09	7:00 PM	CHA	PHI	Charlotte Hornets	Philadelphia 76ers
2018-11-09	7:00 PM	WAS	ORL	Washington Wizards	Orlando Magic
2018-11-09	7:30 PM	DET	ATL	Detroit Pistons	Atlanta Hawks
2018-11-09	8:00 PM	IND	MIA	Indiana Pacers	Miami Heat
2018-11-09	9:00 PM	BKN	DEN	Brooklyn Nets	Denver Nuggets
2018-11-09	9:30 PM	BOS	UTA	Boston Celtics	Utah Jazz
2018-11-10	10:00 PM	LAL	SAC	Los Angeles Lakers	Sacramento Kings
2018-11-10	3:00 PM	NYK	TOR	New York Knicks	Toronto Raptors
2018-11-10	3:30 PM	MIL	LAC	Milwaukee Bucks	LA Clippers
2018-11-10	7:00 PM	PHX	NOP	Phoenix Suns	New Orleans Pelicans
2018-11-10	8:00 PM	CLE	CHI	Cleveland Cavaliers	Chicago Bulls
2018-11-10	8:00 PM	PHI	MEM	Philadelphia 76ers	Memphis Grizzlies
2018-11-10	8:00 PM	WAS	MIA	Washington Wizards	Miami Heat
2018-11-10	8:30 PM	BKN	GSW	Brooklyn Nets	Golden State Warriors
2018-11-10	8:30 PM	HOU	SAS	Houston Rockets	San Antonio Spurs
2018-11-10	9:00 PM	OKC	DAL	Oklahoma City Thunder	Dallas Mavericks
2018-11-11	3:30 PM	CHA	DET	Charlotte Hornets	Detroit Pistons
2018-11-11	7:00 PM	IND	HOU	Indiana Pacers	Houston Rockets
2018-11-11	7:30 PM	ORL	NYK	Orlando Magic	New York Knicks
2018-11-11	8:00 PM	MIL	DEN	Milwaukee Bucks	Denver Nuggets
2018-11-11	9:00 PM	BOS	POR	Boston Celtics	Portland Trail Blazers
2018-11-11	9:30 PM	ATL	LAL	Atlanta Hawks	Los Angeles Lakers
2018-11-12	10:00 PM	SAS	SAC	San Antonio Spurs	Sacramento Kings
2018-11-12	10:30 PM	GSW	LAC	Golden State Warriors	LA Clippers
2018-11-12	7:00 PM	ORL	WAS	Orlando Magic	Washington Wizards
2018-11-12	7:30 PM	NOP	TOR	New Orleans Pelicans	Toronto Raptors
2018-11-12	7:30 PM	PHI	MIA	Philadelphia 76ers	Miami Heat
2018-11-12	8:00 PM	BKN	MIN	Brooklyn Nets	Minnesota Timberwolves
2018-11-12	8:00 PM	DAL	CHI	Dallas Mavericks	Chicago Bulls
2018-11-12	8:00 PM	PHX	OKC	Phoenix Suns	Oklahoma City Thunder
2018-11-12	8:00 PM	UTA	MEM	Utah Jazz	Memphis Grizzlies
2018-11-13	10:30 PM	ATL	GSW	Atlanta Hawks	Golden State Warriors
2018-11-13	7:00 PM	CHA	CLE	Charlotte Hornets	Cleveland Cavaliers
2018-11-13	9:00 PM	HOU	DEN	Houston Rockets	Denver Nuggets
2018-11-14	10:30 PM	POR	LAL	Portland Trail Blazers	Los Angeles Lakers
2018-11-14	7:00 PM	CLE	WAS	Cleveland Cavaliers	Washington Wizards
2018-11-14	7:00 PM	PHI	ORL	Philadelphia 76ers	Orlando Magic
2018-11-14	7:30 PM	CHI	BOS	Chicago Bulls	Boston Celtics
2018-11-14	7:30 PM	DET	TOR	Detroit Pistons	Toronto Raptors
2018-11-14	7:30 PM	MIA	BKN	Miami Heat	Brooklyn Nets
2018-11-14	8:00 PM	MEM	MIL	Memphis Grizzlies	Milwaukee Bucks
2018-11-14	8:00 PM	NOP	MIN	New Orleans Pelicans	Minnesota Timberwolves
2018-11-14	8:00 PM	NYK	OKC	New York Knicks	Oklahoma City Thunder
2018-11-14	8:30 PM	UTA	DAL	Utah Jazz	Dallas Mavericks
2018-11-14	9:00 PM	SAS	PHX	San Antonio Spurs	Phoenix Suns
2018-11-15	10:30 PM	SAS	LAC	San Antonio Spurs	LA Clippers
2018-11-15	8:00 PM	GSW	HOU	Golden State Warriors	Houston Rockets
2018-11-15	9:00 PM	ATL	DEN	Atlanta Hawks	Denver Nuggets
2018-11-16	7:00 PM	BKN	WAS	Brooklyn Nets	Washington Wizards
2018-11-16	7:00 PM	MIA	IND	Miami Heat	Indiana Pacers
2018-11-16	7:00 PM	TOR	BOS	Toronto Raptors	Boston Celtics
2018-11-16	7:00 PM	UTA	PHI	Utah Jazz	Philadelphia 76ers
2018-11-16	8:00 PM	NYK	NOP	New York Knicks	New Orleans Pelicans
2018-11-16	8:00 PM	POR	MIN	Portland Trail Blazers	Minnesota Timberwolves
2018-11-16	8:00 PM	SAC	MEM	Sacramento Kings	Memphis Grizzlies
2018-11-16	9:30 PM	CHI	MIL	Chicago Bulls	Milwaukee Bucks
2018-11-17	6:00 PM	LAC	BKN	LA Clippers	Brooklyn Nets
2018-11-17	7:00 PM	ATL	IND	Atlanta Hawks	Indiana Pacers
2018-11-17	7:00 PM	DEN	NOP	Denver Nuggets	New Orleans Pelicans
2018-11-17	7:00 PM	LAL	ORL	Los Angeles Lakers	Orlando Magic
2018-11-17	7:00 PM	PHI	CHA	Philadelphia 76ers	Charlotte Hornets
2018-11-17	7:30 PM	UTA	BOS	Utah Jazz	Boston Celtics
2018-11-17	8:00 PM	SAC	HOU	Sacramento Kings	Houston Rockets
2018-11-17	8:00 PM	TOR	CHI	Toronto Raptors	Chicago Bulls
2018-11-17	8:30 PM	GSW	DAL	Golden State Warriors	Dallas Mavericks
2018-11-17	9:00 PM	OKC	PHX	Oklahoma City Thunder	Phoenix Suns
2018-11-18	3:30 PM	MEM	MIN	Memphis Grizzlies	Minnesota Timberwolves
2018-11-18	6:00 PM	LAL	MIA	Los Angeles Lakers	Miami Heat
2018-11-18	6:00 PM	NYK	ORL	New York Knicks	Orlando Magic
2018-11-18	6:00 PM	POR	WAS	Portland Trail Blazers	Washington Wizards
2018-11-18	7:00 PM	GSW	SAS	Golden State Warriors	San Antonio Spurs
2018-11-19	10:00 PM	OKC	SAC	Oklahoma City Thunder	Sacramento Kings
2018-11-19	7:00 PM	BOS	CHA	Boston Celtics	Charlotte Hornets
2018-11-19	7:00 PM	CLE	DET	Cleveland Cavaliers	Detroit Pistons
2018-11-19	7:00 PM	PHX	PHI	Phoenix Suns	Philadelphia 76ers
2018-11-19	7:00 PM	UTA	IND	Utah Jazz	Indiana Pacers
2018-11-19	7:30 PM	LAC	ATL	LA Clippers	Atlanta Hawks
2018-11-19	8:00 PM	DAL	MEM	Dallas Mavericks	Memphis Grizzlies
2018-11-19	8:00 PM	DEN	MIL	Denver Nuggets	Milwaukee Bucks
2018-11-19	8:00 PM	SAS	NOP	San Antonio Spurs	New Orleans Pelicans
2018-11-20	7:00 PM	LAC	WAS	LA Clippers	Washington Wizards
2018-11-20	7:00 PM	TOR	ORL	Toronto Raptors	Orlando Magic
2018-11-20	7:30 PM	BKN	MIA	Brooklyn Nets	Miami Heat
2018-11-20	7:30 PM	POR	NYK	Portland Trail Blazers	New York Knicks
2018-11-21	10:30 PM	OKC	GSW	Oklahoma City Thunder	Golden State Warriors
2018-11-21	7:00 PM	IND	CHA	Indiana Pacers	Charlotte Hornets
2018-11-21	7:00 PM	NOP	PHI	New Orleans Pelicans	Philadelphia 76ers
2018-11-21	7:30 PM	NYK	BOS	New York Knicks	Boston Celtics
2018-11-21	7:30 PM	TOR	ATL	Toronto Raptors	Atlanta Hawks
2018-11-21	8:00 PM	DEN	MIN	Denver Nuggets	Minnesota Timberwolves
2018-11-21	8:00 PM	DET	HOU	Detroit Pistons	Houston Rockets
2018-11-21	8:00 PM	LAL	CLE	Los Angeles Lakers	Cleveland Cavaliers
2018-11-21	8:00 PM	PHX	CHI	Phoenix Suns	Chicago Bulls
2018-11-21	8:00 PM	POR	MIL	Portland Trail Blazers	Milwaukee Bucks
2018-11-21	8:30 PM	BKN	DAL	Brooklyn Nets	Dallas Mavericks
2018-11-21	8:30 PM	MEM	SAS	Memphis Grizzlies	San Antonio Spurs
2018-11-21	9:00 PM	SAC	UTA	Sacramento Kings	Utah Jazz
2018-11-23	10:30 PM	POR	GSW	Portland Trail Blazers	Golden State Warriors
2018-11-23	10:30 PM	UTA	LAL	Utah Jazz	Los Angeles Lakers
2018-11-23	12:00 PM	MIN	BKN	Minnesota Timberwolves	Brooklyn Nets
2018-11-23	3:30 PM	MEM	LAC	Memphis Grizzlies	LA Clippers
2018-11-23	7:00 PM	HOU	DET	Houston Rockets	Detroit Pistons
2018-11-23	7:30 PM	BOS	ATL	Boston Celtics	Atlanta Hawks
2018-11-23	7:30 PM	CLE	PHI	Cleveland Cavaliers	Philadelphia 76ers
2018-11-23	7:30 PM	NOP	NYK	New Orleans Pelicans	New York Knicks
2018-11-23	7:30 PM	WAS	TOR	Washington Wizards	Toronto Raptors
2018-11-23	8:00 PM	CHA	OKC	Charlotte Hornets	Oklahoma City Thunder
2018-11-23	8:00 PM	MIA	CHI	Miami Heat	Chicago Bulls
2018-11-23	8:00 PM	SAS	IND	San Antonio Spurs	Indiana Pacers
2018-11-23	8:30 PM	PHX	MIL	Phoenix Suns	Milwaukee Bucks
2018-11-23	9:00 PM	ORL	DEN	Orlando Magic	Denver Nuggets
2018-11-24	7:30 PM	HOU	CLE	Houston Rockets	Cleveland Cavaliers
2018-11-24	8:00 PM	CHI	MIN	Chicago Bulls	Minnesota Timberwolves
2018-11-24	8:00 PM	DEN	OKC	Denver Nuggets	Oklahoma City Thunder
2018-11-24	8:00 PM	NOP	WAS	New Orleans Pelicans	Washington Wizards
2018-11-24	8:30 PM	BOS	DAL	Boston Celtics	Dallas Mavericks
2018-11-24	8:30 PM	SAC	GSW	Sacramento Kings	Golden State Warriors
2018-11-24	8:30 PM	SAS	MIL	San Antonio Spurs	Milwaukee Bucks
2018-11-25	3:30 PM	ORL	LAL	Orlando Magic	Los Angeles Lakers
2018-11-25	4:00 PM	PHX	DET	Phoenix Suns	Detroit Pistons
2018-11-25	6:00 PM	CHA	ATL	Charlotte Hornets	Atlanta Hawks
2018-11-25	6:00 PM	MIA	TOR	Miami Heat	Toronto Raptors
2018-11-25	6:00 PM	NYK	MEM	New York Knicks	Memphis Grizzlies
2018-11-25	6:00 PM	PHI	BKN	Philadelphia 76ers	Brooklyn Nets
2018-11-25	6:30 PM	UTA	SAC	Utah Jazz	Sacramento Kings
2018-11-25	9:00 PM	LAC	POR	LA Clippers	Portland Trail Blazers
2018-11-26	10:30 PM	ORL	GSW	Orlando Magic	Golden State Warriors
2018-11-26	7:00 PM	HOU	WAS	Houston Rockets	Washington Wizards
2018-11-26	7:00 PM	MIL	CHA	Milwaukee Bucks	Charlotte Hornets
2018-11-26	7:00 PM	MIN	CLE	Minnesota Timberwolves	Cleveland Cavaliers
2018-11-26	8:00 PM	BOS	NOP	Boston Celtics	New Orleans Pelicans
2018-11-26	8:00 PM	SAS	CHI	San Antonio Spurs	Chicago Bulls
2018-11-26	9:00 PM	IND	UTA	Indiana Pacers	Utah Jazz
2018-11-27	7:00 PM	NYK	DET	New York Knicks	Detroit Pistons
2018-11-27	7:30 PM	ATL	MIA	Atlanta Hawks	Miami Heat
2018-11-27	8:00 PM	TOR	MEM	Toronto Raptors	Memphis Grizzlies
2018-11-27	9:00 PM	IND	PHX	Indiana Pacers	Phoenix Suns
2018-11-27	9:00 PM	LAL	DEN	Los Angeles Lakers	Denver Nuggets
2018-11-28	10:00 PM	ORL	POR	Orlando Magic	Portland Trail Blazers
2018-11-28	10:30 PM	PHX	LAC	Phoenix Suns	LA Clippers
2018-11-28	7:00 PM	ATL	CHA	Atlanta Hawks	Charlotte Hornets
2018-11-28	7:00 PM	NYK	PHI	New York Knicks	Philadelphia 76ers
2018-11-28	7:30 PM	UTA	BKN	Utah Jazz	Brooklyn Nets
2018-11-28	8:00 PM	CHI	MIL	Chicago Bulls	Milwaukee Bucks
2018-11-28	8:00 PM	CLE	OKC	Cleveland Cavaliers	Oklahoma City Thunder
2018-11-28	8:00 PM	DAL	HOU	Dallas Mavericks	Houston Rockets
2018-11-28	8:00 PM	SAS	MIN	San Antonio Spurs	Minnesota Timberwolves
2018-11-28	8:00 PM	WAS	NOP	Washington Wizards	New Orleans Pelicans
2018-11-29	10:30 PM	IND	LAL	Indiana Pacers	Los Angeles Lakers
2018-11-29	10:30 PM	LAC	SAC	LA Clippers	Sacramento Kings
2018-11-29	8:00 PM	GSW	TOR	Golden State Warriors	Toronto Raptors
2018-11-30	10:30 PM	DAL	LAL	Dallas Mavericks	Los Angeles Lakers
2018-11-30	10:30 PM	DEN	POR	Denver Nuggets	Portland Trail Blazers
2018-11-30	7:00 PM	CHI	DET	Chicago Bulls	Detroit Pistons
2018-11-30	7:00 PM	CLE	BOS	Cleveland Cavaliers	Boston Celtics
2018-11-30	7:00 PM	UTA	CHA	Utah Jazz	Charlotte Hornets
2018-11-30	7:00 PM	WAS	PHI	Washington Wizards	Philadelphia 76ers
2018-11-30	7:30 PM	MEM	BKN	Memphis Grizzlies	Brooklyn Nets
2018-11-30	8:00 PM	ATL	OKC	Atlanta Hawks	Oklahoma City Thunder
2018-11-30	8:00 PM	HOU	SAS	Houston Rockets	San Antonio Spurs
2018-11-30	8:00 PM	NOP	MIA	New Orleans Pelicans	Miami Heat
2018-11-30	9:00 PM	ORL	PHX	Orlando Magic	Phoenix Suns
2018-12-01	10:00 PM	IND	SAC	Indiana Pacers	Sacramento Kings
2018-12-01	5:00 PM	MIL	NYK	Milwaukee Bucks	New York Knicks
2018-12-01	7:00 PM	BKN	WAS	Brooklyn Nets	Washington Wizards
2018-12-01	7:00 PM	GSW	DET	Golden State Warriors	Detroit Pistons
2018-12-01	8:00 PM	BOS	MIN	Boston Celtics	Minnesota Timberwolves
2018-12-01	8:00 PM	CHI	HOU	Chicago Bulls	Houston Rockets
2018-12-01	8:00 PM	TOR	CLE	Toronto Raptors	Cleveland Cavaliers
2018-12-02	3:30 PM	PHX	LAL	Phoenix Suns	Los Angeles Lakers
2018-12-02	5:00 PM	NOP	CHA	New Orleans Pelicans	Charlotte Hornets
2018-12-02	6:00 PM	MEM	PHI	Memphis Grizzlies	Philadelphia 76ers
2018-12-02	6:00 PM	UTA	MIA	Utah Jazz	Miami Heat
2018-12-02	7:00 PM	LAC	DAL	LA Clippers	Dallas Mavericks
2018-12-02	7:00 PM	POR	SAS	Portland Trail Blazers	San Antonio Spurs
2018-12-03	7:00 PM	OKC	DET	Oklahoma City Thunder	Detroit Pistons
2018-12-03	7:30 PM	CLE	BKN	Cleveland Cavaliers	Brooklyn Nets
2018-12-03	7:30 PM	DEN	TOR	Denver Nuggets	Toronto Raptors
2018-12-03	7:30 PM	GSW	ATL	Golden State Warriors	Atlanta Hawks
2018-12-03	7:30 PM	WAS	NYK	Washington Wizards	New York Knicks
2018-12-03	8:00 PM	HOU	MIN	Houston Rockets	Minnesota Timberwolves
2018-12-03	8:00 PM	LAC	NOP	LA Clippers	New Orleans Pelicans
2018-12-04	7:00 PM	CHI	IND	Chicago Bulls	Indiana Pacers
2018-12-04	7:30 PM	ORL	MIA	Orlando Magic	Miami Heat
2018-12-04	8:30 PM	POR	DAL	Portland Trail Blazers	Dallas Mavericks
2018-12-04	9:00 PM	SAC	PHX	Sacramento Kings	Phoenix Suns
2018-12-04	9:00 PM	SAS	UTA	San Antonio Spurs	Utah Jazz
2018-12-05	10:30 PM	SAS	LAL	San Antonio Spurs	Los Angeles Lakers
2018-12-05	7:00 PM	DEN	ORL	Denver Nuggets	Orlando Magic
2018-12-05	7:00 PM	GSW	CLE	Golden State Warriors	Cleveland Cavaliers
2018-12-05	7:30 PM	OKC	BKN	Oklahoma City Thunder	Brooklyn Nets
2018-12-05	7:30 PM	WAS	ATL	Washington Wizards	Atlanta Hawks
2018-12-05	8:00 PM	CHA	MIN	Charlotte Hornets	Minnesota Timberwolves
2018-12-05	8:00 PM	DAL	NOP	Dallas Mavericks	New Orleans Pelicans
2018-12-05	8:00 PM	DET	MIL	Detroit Pistons	Milwaukee Bucks
2018-12-05	8:00 PM	LAC	MEM	LA Clippers	Memphis Grizzlies
2018-12-05	8:00 PM	PHI	TOR	Philadelphia 76ers	Toronto Raptors
2018-12-06	10:00 PM	PHX	POR	Phoenix Suns	Portland Trail Blazers
2018-12-06	10:30 PM	HOU	UTA	Houston Rockets	Utah Jazz
2018-12-06	8:00 PM	NYK	BOS	New York Knicks	Boston Celtics
2018-12-07	7:00 PM	DEN	CHA	Denver Nuggets	Charlotte Hornets
2018-12-07	7:00 PM	IND	ORL	Indiana Pacers	Orlando Magic
2018-12-07	7:00 PM	PHI	DET	Philadelphia 76ers	Detroit Pistons
2018-12-07	7:30 PM	SAC	CLE	Sacramento Kings	Cleveland Cavaliers
2018-12-07	7:30 PM	TOR	BKN	Toronto Raptors	Brooklyn Nets
2018-12-07	8:00 PM	MEM	NOP	Memphis Grizzlies	New Orleans Pelicans
2018-12-07	8:00 PM	OKC	CHI	Oklahoma City Thunder	Chicago Bulls
2018-12-07	8:30 PM	LAL	SAS	Los Angeles Lakers	San Antonio Spurs
2018-12-07	9:00 PM	MIA	PHX	Miami Heat	Phoenix Suns
2018-12-07	9:30 PM	GSW	MIL	Golden State Warriors	Milwaukee Bucks
2018-12-08	10:00 PM	MIN	POR	Minnesota Timberwolves	Portland Trail Blazers
2018-12-08	10:30 PM	MIA	LAC	Miami Heat	LA Clippers
2018-12-08	6:00 PM	HOU	DAL	Houston Rockets	Dallas Mavericks
2018-12-08	7:00 PM	SAC	IND	Sacramento Kings	Indiana Pacers
2018-12-08	7:30 PM	BKN	NYK	Brooklyn Nets	New York Knicks
2018-12-08	7:30 PM	DEN	ATL	Denver Nuggets	Atlanta Hawks
2018-12-08	7:30 PM	WAS	CLE	Washington Wizards	Cleveland Cavaliers
2018-12-08	8:00 PM	BOS	CHI	Boston Celtics	Chicago Bulls
2018-12-08	8:00 PM	LAL	MEM	Los Angeles Lakers	Memphis Grizzlies
2018-12-09	3:30 PM	NOP	DET	New Orleans Pelicans	Detroit Pistons
2018-12-09	6:00 PM	MIL	TOR	Milwaukee Bucks	Toronto Raptors
2018-12-09	7:00 PM	UTA	SAS	Utah Jazz	San Antonio Spurs
2018-12-09	7:30 PM	CHA	NYK	Charlotte Hornets	New York Knicks
2018-12-10	10:30 PM	MIA	LAL	Miami Heat	Los Angeles Lakers
2018-12-10	10:30 PM	MIN	GSW	Minnesota Timberwolves	Golden State Warriors
2018-12-10	7:00 PM	DET	PHI	Detroit Pistons	Philadelphia 76ers
2018-12-10	7:00 PM	WAS	IND	Washington Wizards	Indiana Pacers
2018-12-10	7:30 PM	NOP	BOS	New Orleans Pelicans	Boston Celtics
2018-12-10	8:00 PM	CLE	MIL	Cleveland Cavaliers	Milwaukee Bucks
2018-12-10	8:00 PM	SAC	CHI	Sacramento Kings	Chicago Bulls
2018-12-10	8:00 PM	UTA	OKC	Utah Jazz	Oklahoma City Thunder
2018-12-10	8:30 PM	ORL	DAL	Orlando Magic	Dallas Mavericks
2018-12-10	9:00 PM	LAC	PHX	LA Clippers	Phoenix Suns
2018-12-10	9:00 PM	MEM	DEN	Memphis Grizzlies	Denver Nuggets
2018-12-11	10:30 PM	TOR	LAC	Toronto Raptors	LA Clippers
2018-12-11	8:00 PM	POR	HOU	Portland Trail Blazers	Houston Rockets
2018-12-11	8:30 PM	PHX	SAS	Phoenix Suns	San Antonio Spurs
2018-12-12	10:00 PM	MIN	SAC	Minnesota Timberwolves	Sacramento Kings
2018-12-12	10:30 PM	TOR	GSW	Toronto Raptors	Golden State Warriors
2018-12-12	7:00 PM	BKN	PHI	Brooklyn Nets	Philadelphia 76ers
2018-12-12	7:00 PM	BOS	WAS	Boston Celtics	Washington Wizards
2018-12-12	7:00 PM	DET	CHA	Detroit Pistons	Charlotte Hornets
2018-12-12	7:00 PM	MIL	IND	Milwaukee Bucks	Indiana Pacers
2018-12-12	7:00 PM	NYK	CLE	New York Knicks	Cleveland Cavaliers
2018-12-12	8:00 PM	OKC	NOP	Oklahoma City Thunder	New Orleans Pelicans
2018-12-12	8:00 PM	POR	MEM	Portland Trail Blazers	Memphis Grizzlies
2018-12-12	8:30 PM	ATL	DAL	Atlanta Hawks	Dallas Mavericks
2018-12-12	9:00 PM	MIA	UTA	Miami Heat	Utah Jazz
2018-12-13	10:30 PM	DAL	PHX	Dallas Mavericks	Phoenix Suns
2018-12-13	8:00 PM	LAL	HOU	Los Angeles Lakers	Houston Rockets
2018-12-13	8:30 PM	LAC	SAS	LA Clippers	San Antonio Spurs
2018-12-13	9:30 PM	CHI	ORL	Chicago Bulls	Orlando Magic
2018-12-14	10:00 PM	GSW	SAC	Golden State Warriors	Sacramento Kings
2018-12-14	10:00 PM	OKC	DEN	Oklahoma City Thunder	Denver Nuggets
2018-12-14	10:00 PM	TOR	POR	Toronto Raptors	Portland Trail Blazers
2018-12-14	7:00 PM	ATL	BOS	Atlanta Hawks	Boston Celtics
2018-12-14	7:00 PM	NYK	CHA	New York Knicks	Charlotte Hornets
2018-12-14	7:30 PM	IND	PHI	Indiana Pacers	Philadelphia 76ers
2018-12-14	7:30 PM	MIL	CLE	Milwaukee Bucks	Cleveland Cavaliers
2018-12-14	7:30 PM	WAS	BKN	Washington Wizards	Brooklyn Nets
2018-12-14	8:00 PM	MIA	MEM	Miami Heat	Memphis Grizzlies
2018-12-15	5:00 PM	UTA	ORL	Utah Jazz	Orlando Magic
2018-12-15	7:00 PM	BOS	DET	Boston Celtics	Detroit Pistons
2018-12-15	7:00 PM	LAL	CHA	Los Angeles Lakers	Charlotte Hornets
2018-12-15	8:00 PM	HOU	MEM	Houston Rockets	Memphis Grizzlies
2018-12-15	8:30 PM	CHI	SAS	Chicago Bulls	San Antonio Spurs
2018-12-15	9:00 PM	LAC	OKC	LA Clippers	Oklahoma City Thunder
2018-12-15	9:00 PM	MIN	PHX	Minnesota Timberwolves	Phoenix Suns
2018-12-16	3:00 PM	ATL	BKN	Atlanta Hawks	Brooklyn Nets
2018-12-16	3:30 PM	PHI	CLE	Philadelphia 76ers	Cleveland Cavaliers
2018-12-16	5:00 PM	NYK	IND	New York Knicks	Indiana Pacers
2018-12-16	6:00 PM	LAL	WAS	Los Angeles Lakers	Washington Wizards
2018-12-16	7:00 PM	MIA	NOP	Miami Heat	New Orleans Pelicans
2018-12-16	7:00 PM	SAC	DAL	Sacramento Kings	Dallas Mavericks
2018-12-16	8:00 PM	TOR	DEN	Toronto Raptors	Denver Nuggets
2018-12-17	10:30 PM	MEM	GSW	Memphis Grizzlies	Golden State Warriors
2018-12-17	10:30 PM	POR	LAC	Portland Trail Blazers	LA Clippers
2018-12-17	7:00 PM	MIL	DET	Milwaukee Bucks	Detroit Pistons
2018-12-17	7:30 PM	PHX	NYK	Phoenix Suns	New York Knicks
2018-12-17	8:00 PM	CHI	OKC	Chicago Bulls	Oklahoma City Thunder
2018-12-17	8:00 PM	SAC	MIN	Sacramento Kings	Minnesota Timberwolves
2018-12-17	8:00 PM	UTA	HOU	Utah Jazz	Houston Rockets
2018-12-17	8:30 PM	PHI	SAS	Philadelphia 76ers	San Antonio Spurs
2018-12-18	7:00 PM	CLE	IND	Cleveland Cavaliers	Indiana Pacers
2018-12-18	7:30 PM	LAL	BKN	Los Angeles Lakers	Brooklyn Nets
2018-12-18	7:30 PM	WAS	ATL	Washington Wizards	Atlanta Hawks
2018-12-18	9:00 PM	DAL	DEN	Dallas Mavericks	Denver Nuggets
2018-12-19	10:00 PM	MEM	POR	Memphis Grizzlies	Portland Trail Blazers
2018-12-19	10:00 PM	OKC	SAC	Oklahoma City Thunder	Sacramento Kings
2018-12-19	7:00 PM	CLE	CHA	Cleveland Cavaliers	Charlotte Hornets
2018-12-19	7:00 PM	NYK	PHI	New York Knicks	Philadelphia 76ers
2018-12-19	7:00 PM	SAS	ORL	San Antonio Spurs	Orlando Magic
2018-12-19	7:30 PM	IND	TOR	Indiana Pacers	Toronto Raptors
2018-12-19	7:30 PM	PHX	BOS	Phoenix Suns	Boston Celtics
2018-12-19	8:00 PM	BKN	CHI	Brooklyn Nets	Chicago Bulls
2018-12-19	8:00 PM	DET	MIN	Detroit Pistons	Minnesota Timberwolves
2018-12-19	8:00 PM	NOP	MIL	New Orleans Pelicans	Milwaukee Bucks
2018-12-19	8:00 PM	WAS	HOU	Washington Wizards	Houston Rockets
2018-12-19	9:00 PM	GSW	UTA	Golden State Warriors	Utah Jazz
2018-12-20	10:30 PM	DAL	LAC	Dallas Mavericks	LA Clippers
2018-12-20	8:00 PM	HOU	MIA	Houston Rockets	Miami Heat
2018-12-21	10:00 PM	MEM	SAC	Memphis Grizzlies	Sacramento Kings
2018-12-21	10:00 PM	UTA	POR	Utah Jazz	Portland Trail Blazers
2018-12-21	10:30 PM	NOP	LAL	New Orleans Pelicans	Los Angeles Lakers
2018-12-21	7:00 PM	CLE	TOR	Cleveland Cavaliers	Toronto Raptors
2018-12-21	7:00 PM	DET	CHA	Detroit Pistons	Charlotte Hornets
2018-12-21	7:30 PM	ATL	NYK	Atlanta Hawks	New York Knicks
2018-12-21	7:30 PM	IND	BKN	Indiana Pacers	Brooklyn Nets
2018-12-21	8:00 PM	MIL	BOS	Milwaukee Bucks	Boston Celtics
2018-12-21	8:00 PM	ORL	CHI	Orlando Magic	Chicago Bulls
2018-12-21	8:30 PM	MIN	SAS	Minnesota Timberwolves	San Antonio Spurs
2018-12-22	5:00 PM	DEN	LAC	Denver Nuggets	LA Clippers
2018-12-22	7:00 PM	PHX	WAS	Phoenix Suns	Washington Wizards
2018-12-22	7:30 PM	TOR	PHI	Toronto Raptors	Philadelphia 76ers
2018-12-22	8:00 PM	MIL	MIA	Milwaukee Bucks	Miami Heat
2018-12-22	8:00 PM	SAS	HOU	San Antonio Spurs	Houston Rockets
2018-12-22	8:30 PM	DAL	GSW	Dallas Mavericks	Golden State Warriors
2018-12-22	9:00 PM	OKC	UTA	Oklahoma City Thunder	Utah Jazz
2018-12-23	4:00 PM	ATL	DET	Atlanta Hawks	Detroit Pistons
2018-12-23	5:00 PM	WAS	IND	Washington Wizards	Indiana Pacers
2018-12-23	6:00 PM	CHA	BOS	Charlotte Hornets	Boston Celtics
2018-12-23	6:00 PM	CHI	CLE	Chicago Bulls	Cleveland Cavaliers
2018-12-23	6:00 PM	MIA	ORL	Miami Heat	Orlando Magic
2018-12-23	6:00 PM	NOP	SAC	New Orleans Pelicans	Sacramento Kings
2018-12-23	6:00 PM	PHX	BKN	Phoenix Suns	Brooklyn Nets
2018-12-23	8:00 PM	MIN	OKC	Minnesota Timberwolves	Oklahoma City Thunder
2018-12-23	8:30 PM	LAC	GSW	LA Clippers	Golden State Warriors
2018-12-23	9:00 PM	DAL	POR	Dallas Mavericks	Portland Trail Blazers
2018-12-23	9:30 PM	MEM	LAL	Memphis Grizzlies	Los Angeles Lakers
2018-12-25	10:30 PM	POR	UTA	Portland Trail Blazers	Utah Jazz
2018-12-25	12:00 PM	MIL	NYK	Milwaukee Bucks	New York Knicks
2018-12-25	3:00 PM	OKC	HOU	Oklahoma City Thunder	Houston Rockets
2018-12-25	5:30 PM	PHI	BOS	Philadelphia 76ers	Boston Celtics
2018-12-25	8:00 PM	LAL	GSW	Los Angeles Lakers	Golden State Warriors
2018-12-26	10:30 PM	SAC	LAC	Sacramento Kings	LA Clippers
2018-12-26	7:00 PM	PHX	ORL	Phoenix Suns	Orlando Magic
2018-12-26	7:00 PM	WAS	DET	Washington Wizards	Detroit Pistons
2018-12-26	7:30 PM	CHA	BKN	Charlotte Hornets	Brooklyn Nets
2018-12-26	7:30 PM	IND	ATL	Indiana Pacers	Atlanta Hawks
2018-12-26	7:30 PM	TOR	MIA	Toronto Raptors	Miami Heat
2018-12-26	8:00 PM	CLE	MEM	Cleveland Cavaliers	Memphis Grizzlies
2018-12-26	8:00 PM	MIN	CHI	Minnesota Timberwolves	Chicago Bulls
2018-12-26	8:30 PM	DEN	SAS	Denver Nuggets	San Antonio Spurs
2018-12-26	8:30 PM	NOP	DAL	New Orleans Pelicans	Dallas Mavericks
2018-12-27	10:00 PM	LAL	SAC	Los Angeles Lakers	Sacramento Kings
2018-12-27	10:30 PM	PHI	UTA	Philadelphia 76ers	Utah Jazz
2018-12-27	10:30 PM	POR	GSW	Portland Trail Blazers	Golden State Warriors
2018-12-27	8:00 PM	BOS	HOU	Boston Celtics	Houston Rockets
2018-12-27	8:00 PM	NYK	MIL	New York Knicks	Milwaukee Bucks
2018-12-28	10:30 PM	LAC	LAL	LA Clippers	Los Angeles Lakers
2018-12-28	7:00 PM	BKN	CHA	Brooklyn Nets	Charlotte Hornets
2018-12-28	7:00 PM	CHI	WAS	Chicago Bulls	Washington Wizards
2018-12-28	7:00 PM	DET	IND	Detroit Pistons	Indiana Pacers
2018-12-28	7:00 PM	TOR	ORL	Toronto Raptors	Orlando Magic
2018-12-28	8:00 PM	ATL	MIN	Atlanta Hawks	Minnesota Timberwolves
2018-12-28	8:00 PM	CLE	MIA	Cleveland Cavaliers	Miami Heat
2018-12-28	8:00 PM	DAL	NOP	Dallas Mavericks	New Orleans Pelicans
2018-12-28	9:00 PM	OKC	PHX	Oklahoma City Thunder	Phoenix Suns
2018-12-28	9:00 PM	SAS	DEN	San Antonio Spurs	Denver Nuggets
2018-12-29	10:00 PM	GSW	POR	Golden State Warriors	Portland Trail Blazers
2018-12-29	10:30 PM	SAS	LAC	San Antonio Spurs	LA Clippers
2018-12-29	5:00 PM	BKN	MIL	Brooklyn Nets	Milwaukee Bucks
2018-12-29	7:00 PM	CHA	WAS	Charlotte Hornets	Washington Wizards
2018-12-29	7:00 PM	HOU	NOP	Houston Rockets	New Orleans Pelicans
2018-12-29	7:30 PM	CLE	ATL	Cleveland Cavaliers	Atlanta Hawks
2018-12-29	8:00 PM	BOS	MEM	Boston Celtics	Memphis Grizzlies
2018-12-29	8:00 PM	NYK	UTA	New York Knicks	Utah Jazz
2018-12-29	9:00 PM	DEN	PHX	Denver Nuggets	Phoenix Suns
2018-12-30	3:30 PM	DET	ORL	Detroit Pistons	Orlando Magic
2018-12-30	6:00 PM	CHI	TOR	Chicago Bulls	Toronto Raptors
2018-12-30	6:00 PM	MIN	MIA	Minnesota Timberwolves	Miami Heat
2018-12-30	7:00 PM	OKC	DAL	Oklahoma City Thunder	Dallas Mavericks
2018-12-30	9:00 PM	PHI	POR	Philadelphia 76ers	Portland Trail Blazers
2018-12-30	9:30 PM	SAC	LAL	Sacramento Kings	Los Angeles Lakers
2018-12-31	3:00 PM	ATL	IND	Atlanta Hawks	Indiana Pacers
2018-12-31	6:00 PM	ORL	CHA	Orlando Magic	Charlotte Hornets
2018-12-31	7:00 PM	BOS	SAS	Boston Celtics	San Antonio Spurs
2018-12-31	7:00 PM	MEM	HOU	Memphis Grizzlies	Houston Rockets
2018-12-31	8:00 PM	DAL	OKC	Dallas Mavericks	Oklahoma City Thunder
2018-12-31	8:00 PM	MIN	NOP	Minnesota Timberwolves	New Orleans Pelicans
2018-12-31	9:00 PM	GSW	PHX	Golden State Warriors	Phoenix Suns
2019-01-01	10:30 PM	PHI	LAC	Philadelphia 76ers	LA Clippers
2019-01-01	7:30 PM	UTA	TOR	Utah Jazz	Toronto Raptors
2019-01-01	8:00 PM	DET	MIL	Detroit Pistons	Milwaukee Bucks
2019-01-01	9:00 PM	NYK	DEN	New York Knicks	Denver Nuggets
2019-01-01	9:00 PM	POR	SAC	Portland Trail Blazers	Sacramento Kings
2019-01-02	10:30 PM	OKC	LAL	Oklahoma City Thunder	Los Angeles Lakers
2019-01-02	7:00 PM	ATL	WAS	Atlanta Hawks	Washington Wizards
2019-01-02	7:00 PM	DAL	CHA	Dallas Mavericks	Charlotte Hornets
2019-01-02	7:00 PM	MIA	CLE	Miami Heat	Cleveland Cavaliers
2019-01-02	7:30 PM	NOP	BKN	New Orleans Pelicans	Brooklyn Nets
2019-01-02	8:00 PM	DET	MEM	Detroit Pistons	Memphis Grizzlies
2019-01-02	8:00 PM	MIN	BOS	Minnesota Timberwolves	Boston Celtics
2019-01-02	8:00 PM	ORL	CHI	Orlando Magic	Chicago Bulls
2019-01-02	9:00 PM	PHI	PHX	Philadelphia 76ers	Phoenix Suns
2019-01-03	10:00 PM	DEN	SAC	Denver Nuggets	Sacramento Kings
2019-01-03	10:30 PM	HOU	GSW	Houston Rockets	Golden State Warriors
2019-01-03	8:00 PM	TOR	SAS	Toronto Raptors	San Antonio Spurs
2019-01-04	10:30 PM	NYK	LAL	New York Knicks	Los Angeles Lakers
2019-01-04	10:30 PM	OKC	POR	Oklahoma City Thunder	Portland Trail Blazers
2019-01-04	7:30 PM	DAL	BOS	Dallas Mavericks	Boston Celtics
2019-01-04	7:30 PM	UTA	CLE	Utah Jazz	Cleveland Cavaliers
2019-01-04	8:00 PM	BKN	MEM	Brooklyn Nets	Memphis Grizzlies
2019-01-04	8:00 PM	IND	CHI	Indiana Pacers	Chicago Bulls
2019-01-04	8:00 PM	ORL	MIN	Orlando Magic	Minnesota Timberwolves
2019-01-04	8:00 PM	WAS	MIA	Washington Wizards	Miami Heat
2019-01-04	8:30 PM	ATL	MIL	Atlanta Hawks	Milwaukee Bucks
2019-01-04	9:00 PM	LAC	PHX	LA Clippers	Phoenix Suns
2019-01-05	10:00 PM	GSW	SAC	Golden State Warriors	Sacramento Kings
2019-01-05	10:00 PM	HOU	POR	Houston Rockets	Portland Trail Blazers
2019-01-05	5:00 PM	CHA	DEN	Charlotte Hornets	Denver Nuggets
2019-01-05	7:00 PM	UTA	DET	Utah Jazz	Detroit Pistons
2019-01-05	7:30 PM	DAL	PHI	Dallas Mavericks	Philadelphia 76ers
2019-01-05	8:00 PM	NOP	CLE	New Orleans Pelicans	Cleveland Cavaliers
2019-01-05	8:30 PM	MEM	SAS	Memphis Grizzlies	San Antonio Spurs
2019-01-05	8:30 PM	TOR	MIL	Toronto Raptors	Milwaukee Bucks
2019-01-06	3:30 PM	BKN	CHI	Brooklyn Nets	Chicago Bulls
2019-01-06	3:30 PM	LAL	MIN	Los Angeles Lakers	Minnesota Timberwolves
2019-01-06	3:30 PM	ORL	LAC	Orlando Magic	LA Clippers
2019-01-06	6:00 PM	MIA	ATL	Miami Heat	Atlanta Hawks
2019-01-06	7:00 PM	WAS	OKC	Washington Wizards	Oklahoma City Thunder
2019-01-06	7:30 PM	IND	TOR	Indiana Pacers	Toronto Raptors
2019-01-06	8:00 PM	CHA	PHX	Charlotte Hornets	Phoenix Suns
2019-01-07	10:00 PM	NYK	POR	New York Knicks	Portland Trail Blazers
2019-01-07	10:00 PM	ORL	SAC	Orlando Magic	Sacramento Kings
2019-01-07	7:00 PM	SAS	DET	San Antonio Spurs	Detroit Pistons
2019-01-07	7:30 PM	BKN	BOS	Brooklyn Nets	Boston Celtics
2019-01-07	8:00 PM	DEN	HOU	Denver Nuggets	Houston Rockets
2019-01-07	8:00 PM	MEM	NOP	Memphis Grizzlies	New Orleans Pelicans
2019-01-07	8:00 PM	UTA	MIL	Utah Jazz	Milwaukee Bucks
2019-01-07	8:30 PM	LAL	DAL	Los Angeles Lakers	Dallas Mavericks
2019-01-08	10:30 PM	CHA	LAC	Charlotte Hornets	LA Clippers
2019-01-08	10:30 PM	NYK	GSW	New York Knicks	Golden State Warriors
2019-01-08	7:00 PM	IND	CLE	Indiana Pacers	Cleveland Cavaliers
2019-01-08	7:00 PM	WAS	PHI	Washington Wizards	Philadelphia 76ers
2019-01-08	7:30 PM	ATL	TOR	Atlanta Hawks	Toronto Raptors
2019-01-08	7:30 PM	DEN	MIA	Denver Nuggets	Miami Heat
2019-01-08	8:00 PM	MIN	OKC	Minnesota Timberwolves	Oklahoma City Thunder
2019-01-08	9:00 PM	SAC	PHX	Sacramento Kings	Phoenix Suns
2019-01-09	10:00 PM	CHI	POR	Chicago Bulls	Portland Trail Blazers
2019-01-09	10:30 PM	DET	LAL	Detroit Pistons	Los Angeles Lakers
2019-01-09	7:00 PM	IND	BOS	Indiana Pacers	Boston Celtics
2019-01-09	7:00 PM	PHI	WAS	Philadelphia 76ers	Washington Wizards
2019-01-09	7:30 PM	ATL	BKN	Atlanta Hawks	Brooklyn Nets
2019-01-09	8:00 PM	CLE	NOP	Cleveland Cavaliers	New Orleans Pelicans
2019-01-09	8:00 PM	MIL	HOU	Milwaukee Bucks	Houston Rockets
2019-01-09	8:00 PM	SAS	MEM	San Antonio Spurs	Memphis Grizzlies
2019-01-09	8:30 PM	PHX	DAL	Phoenix Suns	Dallas Mavericks
2019-01-09	9:00 PM	ORL	UTA	Orlando Magic	Utah Jazz
2019-01-10	10:00 PM	DET	SAC	Detroit Pistons	Sacramento Kings
2019-01-10	7:00 PM	BOS	MIA	Boston Celtics	Miami Heat
2019-01-10	9:00 PM	LAC	DEN	LA Clippers	Denver Nuggets
2019-01-10	9:30 PM	OKC	SAS	Oklahoma City Thunder	San Antonio Spurs
2019-01-11	10:00 PM	CHA	POR	Charlotte Hornets	Portland Trail Blazers
2019-01-11	10:00 PM	LAL	UTA	Los Angeles Lakers	Utah Jazz
2019-01-11	10:30 PM	CHI	GSW	Chicago Bulls	Golden State Warriors
2019-01-11	7:00 PM	ATL	PHI	Atlanta Hawks	Philadelphia 76ers
2019-01-11	7:00 PM	MIL	WAS	Milwaukee Bucks	Washington Wizards
2019-01-11	7:30 PM	BKN	TOR	Brooklyn Nets	Toronto Raptors
2019-01-11	7:30 PM	IND	NYK	Indiana Pacers	New York Knicks
2019-01-11	8:00 PM	CLE	HOU	Cleveland Cavaliers	Houston Rockets
2019-01-11	8:00 PM	DAL	MIN	Dallas Mavericks	Minnesota Timberwolves
2019-01-12	10:00 PM	CHA	SAC	Charlotte Hornets	Sacramento Kings
2019-01-12	10:00 PM	CHI	UTA	Chicago Bulls	Utah Jazz
2019-01-12	3:30 PM	DET	LAC	Detroit Pistons	LA Clippers
2019-01-12	5:00 PM	MEM	MIA	Memphis Grizzlies	Miami Heat
2019-01-12	7:00 PM	BOS	ORL	Boston Celtics	Orlando Magic
2019-01-12	8:00 PM	NOP	MIN	New Orleans Pelicans	Minnesota Timberwolves
2019-01-12	8:00 PM	SAS	OKC	San Antonio Spurs	Oklahoma City Thunder
2019-01-12	9:00 PM	DEN	PHX	Denver Nuggets	Phoenix Suns
2019-01-13	1:00 PM	PHI	NYK	Philadelphia 76ers	New York Knicks
2019-01-13	1:00 PM	TOR	WAS	Toronto Raptors	Washington Wizards
2019-01-13	3:30 PM	MIL	ATL	Milwaukee Bucks	Atlanta Hawks
2019-01-13	6:00 PM	HOU	ORL	Houston Rockets	Orlando Magic
2019-01-13	7:00 PM	GSW	DAL	Golden State Warriors	Dallas Mavericks
2019-01-13	8:00 PM	POR	DEN	Portland Trail Blazers	Denver Nuggets
2019-01-13	9:30 PM	CLE	LAL	Cleveland Cavaliers	Los Angeles Lakers
2019-01-14	10:00 PM	POR	SAC	Portland Trail Blazers	Sacramento Kings
2019-01-14	10:30 PM	NOP	LAC	New Orleans Pelicans	LA Clippers
2019-01-14	7:30 PM	BOS	BKN	Boston Celtics	Brooklyn Nets
2019-01-14	8:00 PM	MEM	HOU	Memphis Grizzlies	Houston Rockets
2019-01-14	8:30 PM	CHA	SAS	Charlotte Hornets	San Antonio Spurs
2019-01-14	9:00 PM	DET	UTA	Detroit Pistons	Utah Jazz
2019-01-15	10:30 PM	CHI	LAL	Chicago Bulls	Los Angeles Lakers
2019-01-15	7:00 PM	MIN	PHI	Minnesota Timberwolves	Philadelphia 76ers
2019-01-15	7:00 PM	PHX	IND	Phoenix Suns	Indiana Pacers
2019-01-15	7:30 PM	OKC	ATL	Oklahoma City Thunder	Atlanta Hawks
2019-01-15	8:00 PM	MIA	MIL	Miami Heat	Milwaukee Bucks
2019-01-15	9:00 PM	GSW	DEN	Golden State Warriors	Denver Nuggets
2019-01-16	10:00 PM	CLE	POR	Cleveland Cavaliers	Portland Trail Blazers
2019-01-16	10:30 PM	NOP	GSW	New Orleans Pelicans	Golden State Warriors
2019-01-16	10:30 PM	UTA	LAC	Utah Jazz	LA Clippers
2019-01-16	7:00 PM	ORL	DET	Orlando Magic	Detroit Pistons
2019-01-16	8:00 PM	BKN	HOU	Brooklyn Nets	Houston Rockets
2019-01-16	8:00 PM	MIL	MEM	Milwaukee Bucks	Memphis Grizzlies
2019-01-16	8:00 PM	TOR	BOS	Toronto Raptors	Boston Celtics
2019-01-16	8:30 PM	SAS	DAL	San Antonio Spurs	Dallas Mavericks
2019-01-17	3:00 PM	NYK	WAS	New York Knicks	Washington Wizards
2019-01-17	7:00 PM	PHI	IND	Philadelphia 76ers	Indiana Pacers
2019-01-17	7:00 PM	SAC	CHA	Sacramento Kings	Charlotte Hornets
2019-01-17	7:30 PM	PHX	TOR	Phoenix Suns	Toronto Raptors
2019-01-17	9:00 PM	CHI	DEN	Chicago Bulls	Denver Nuggets
2019-01-17	9:30 PM	LAL	OKC	Los Angeles Lakers	Oklahoma City Thunder
2019-01-18	10:30 PM	GSW	LAC	Golden State Warriors	LA Clippers
2019-01-18	10:30 PM	NOP	POR	New Orleans Pelicans	Portland Trail Blazers
2019-01-18	7:00 PM	BKN	ORL	Brooklyn Nets	Orlando Magic
2019-01-18	7:00 PM	MEM	BOS	Memphis Grizzlies	Boston Celtics
2019-01-18	7:00 PM	MIA	DET	Miami Heat	Detroit Pistons
2019-01-18	8:00 PM	SAS	MIN	San Antonio Spurs	Minnesota Timberwolves
2019-01-18	9:00 PM	CLE	UTA	Cleveland Cavaliers	Utah Jazz
2019-01-19	10:00 PM	CLE	DEN	Cleveland Cavaliers	Denver Nuggets
2019-01-19	3:30 PM	OKC	PHI	Oklahoma City Thunder	Philadelphia 76ers
2019-01-19	5:00 PM	PHX	CHA	Phoenix Suns	Charlotte Hornets
2019-01-19	7:00 PM	DAL	IND	Dallas Mavericks	Indiana Pacers
2019-01-19	7:00 PM	MIL	ORL	Milwaukee Bucks	Orlando Magic
2019-01-19	7:00 PM	SAC	DET	Sacramento Kings	Detroit Pistons
2019-01-19	7:30 PM	BOS	ATL	Boston Celtics	Atlanta Hawks
2019-01-19	7:30 PM	MEM	TOR	Memphis Grizzlies	Toronto Raptors
2019-01-19	8:00 PM	MIA	CHI	Miami Heat	Chicago Bulls
2019-01-19	8:30 PM	LAL	HOU	Los Angeles Lakers	Houston Rockets
2019-01-20	6:00 PM	CHA	IND	Charlotte Hornets	Indiana Pacers
2019-01-20	7:00 PM	LAC	SAS	LA Clippers	San Antonio Spurs
2019-01-20	7:00 PM	PHX	MIN	Phoenix Suns	Minnesota Timberwolves
2019-01-21	10:30 PM	GSW	LAL	Golden State Warriors	Los Angeles Lakers
2019-01-21	12:30 PM	OKC	NYK	Oklahoma City Thunder	New York Knicks
2019-01-21	1:00 PM	CHI	CLE	Chicago Bulls	Cleveland Cavaliers
2019-01-21	2:00 PM	DAL	MIL	Dallas Mavericks	Milwaukee Bucks
2019-01-21	2:00 PM	DET	WAS	Detroit Pistons	Washington Wizards
2019-01-21	3:00 PM	ORL	ATL	Orlando Magic	Atlanta Hawks
2019-01-21	3:30 PM	SAC	BKN	Sacramento Kings	Brooklyn Nets
2019-01-21	5:30 PM	NOP	MEM	New Orleans Pelicans	Memphis Grizzlies
2019-01-21	6:00 PM	MIA	BOS	Miami Heat	Boston Celtics
2019-01-21	8:00 PM	HOU	PHI	Houston Rockets	Philadelphia 76ers
2019-01-21	9:00 PM	POR	UTA	Portland Trail Blazers	Utah Jazz
2019-01-22	7:00 PM	SAC	TOR	Sacramento Kings	Toronto Raptors
2019-01-22	8:00 PM	POR	OKC	Portland Trail Blazers	Oklahoma City Thunder
2019-01-22	8:30 PM	LAC	DAL	LA Clippers	Dallas Mavericks
2019-01-22	9:00 PM	MIN	PHX	Minnesota Timberwolves	Phoenix Suns
2019-01-23	10:30 PM	DEN	UTA	Denver Nuggets	Utah Jazz
2019-01-23	7:00 PM	TOR	IND	Toronto Raptors	Indiana Pacers
2019-01-23	7:30 PM	CLE	BOS	Cleveland Cavaliers	Boston Celtics
2019-01-23	7:30 PM	HOU	NYK	Houston Rockets	New York Knicks
2019-01-23	7:30 PM	LAC	MIA	LA Clippers	Miami Heat
2019-01-23	7:30 PM	ORL	BKN	Orlando Magic	Brooklyn Nets
2019-01-23	8:00 PM	ATL	CHI	Atlanta Hawks	Chicago Bulls
2019-01-23	8:00 PM	CHA	MEM	Charlotte Hornets	Memphis Grizzlies
2019-01-23	8:00 PM	DET	NOP	Detroit Pistons	New Orleans Pelicans
2019-01-23	8:00 PM	SAS	PHI	San Antonio Spurs	Philadelphia 76ers
2019-01-24	10:30 PM	MIN	LAL	Minnesota Timberwolves	Los Angeles Lakers
2019-01-24	8:00 PM	GSW	WAS	Golden State Warriors	Washington Wizards
2019-01-24	8:00 PM	NOP	OKC	New Orleans Pelicans	Oklahoma City Thunder
2019-01-24	9:00 PM	POR	PHX	Portland Trail Blazers	Phoenix Suns
2019-01-25	7:00 PM	WAS	ORL	Washington Wizards	Orlando Magic
2019-01-25	7:30 PM	MIA	CLE	Miami Heat	Cleveland Cavaliers
2019-01-25	7:30 PM	NYK	BKN	New York Knicks	Brooklyn Nets
2019-01-25	8:00 PM	LAC	CHI	LA Clippers	Chicago Bulls
2019-01-25	8:00 PM	SAC	MEM	Sacramento Kings	Memphis Grizzlies
2019-01-25	8:00 PM	TOR	HOU	Toronto Raptors	Houston Rockets
2019-01-25	8:30 PM	CHA	MIL	Charlotte Hornets	Milwaukee Bucks
2019-01-25	8:30 PM	DET	DAL	Detroit Pistons	Dallas Mavericks
2019-01-25	9:00 PM	MIN	UTA	Minnesota Timberwolves	Utah Jazz
2019-01-25	9:00 PM	PHX	DEN	Phoenix Suns	Denver Nuggets
2019-01-26	10:00 PM	ATL	POR	Atlanta Hawks	Portland Trail Blazers
2019-01-26	6:00 PM	SAS	NOP	San Antonio Spurs	New Orleans Pelicans
2019-01-26	8:00 PM	IND	MEM	Indiana Pacers	Memphis Grizzlies
2019-01-26	8:30 PM	GSW	BOS	Golden State Warriors	Boston Celtics
2019-01-26	9:00 PM	PHI	DEN	Philadelphia 76ers	Denver Nuggets
2019-01-27	3:30 PM	CLE	CHI	Cleveland Cavaliers	Chicago Bulls
2019-01-27	3:30 PM	SAC	LAC	Sacramento Kings	LA Clippers
2019-01-27	6:00 PM	MIL	OKC	Milwaukee Bucks	Oklahoma City Thunder
2019-01-27	7:00 PM	ORL	HOU	Orlando Magic	Houston Rockets
2019-01-27	7:00 PM	TOR	DAL	Toronto Raptors	Dallas Mavericks
2019-01-27	7:00 PM	UTA	MIN	Utah Jazz	Minnesota Timberwolves
2019-01-27	7:00 PM	WAS	SAS	Washington Wizards	San Antonio Spurs
2019-01-27	7:30 PM	MIA	NYK	Miami Heat	New York Knicks
2019-01-27	9:30 PM	PHX	LAL	Phoenix Suns	Los Angeles Lakers
2019-01-28	10:30 PM	ATL	LAC	Atlanta Hawks	LA Clippers
2019-01-28	7:00 PM	GSW	IND	Golden State Warriors	Indiana Pacers
2019-01-28	7:00 PM	NYK	CHA	New York Knicks	Charlotte Hornets
2019-01-28	7:30 PM	BKN	BOS	Brooklyn Nets	Boston Celtics
2019-01-28	8:00 PM	DEN	MEM	Denver Nuggets	Memphis Grizzlies
2019-01-29	10:30 PM	PHI	LAL	Philadelphia 76ers	Los Angeles Lakers
2019-01-29	7:00 PM	MIL	DET	Milwaukee Bucks	Detroit Pistons
2019-01-29	7:00 PM	OKC	ORL	Oklahoma City Thunder	Orlando Magic
2019-01-29	7:00 PM	WAS	CLE	Washington Wizards	Cleveland Cavaliers
2019-01-29	7:30 PM	CHI	BKN	Chicago Bulls	Brooklyn Nets
2019-01-29	8:00 PM	NOP	HOU	New Orleans Pelicans	Houston Rockets
2019-01-29	8:30 PM	PHX	SAS	Phoenix Suns	San Antonio Spurs
2019-01-30	10:00 PM	ATL	SAC	Atlanta Hawks	Sacramento Kings
2019-01-30	10:30 PM	UTA	POR	Utah Jazz	Portland Trail Blazers
2019-01-30	7:30 PM	CHA	BOS	Charlotte Hornets	Boston Celtics
2019-01-30	7:30 PM	CHI	MIA	Chicago Bulls	Miami Heat
2019-01-30	7:30 PM	DAL	NYK	Dallas Mavericks	New York Knicks
2019-01-30	8:00 PM	DEN	NOP	Denver Nuggets	New Orleans Pelicans
2019-01-30	8:00 PM	IND	WAS	Indiana Pacers	Washington Wizards
2019-01-30	8:00 PM	MEM	MIN	Memphis Grizzlies	Minnesota Timberwolves
2019-01-31	10:30 PM	LAL	LAC	Los Angeles Lakers	LA Clippers
2019-01-31	10:30 PM	PHI	GSW	Philadelphia 76ers	Golden State Warriors
2019-01-31	7:00 PM	DAL	DET	Dallas Mavericks	Detroit Pistons
2019-01-31	7:00 PM	IND	ORL	Indiana Pacers	Orlando Magic
2019-01-31	8:00 PM	MIL	TOR	Milwaukee Bucks	Toronto Raptors
2019-01-31	8:30 PM	BKN	SAS	Brooklyn Nets	San Antonio Spurs
2019-02-01	10:00 PM	HOU	DEN	Houston Rockets	Denver Nuggets
2019-02-01	7:00 PM	MEM	CHA	Memphis Grizzlies	Charlotte Hornets
2019-02-01	7:30 PM	BOS	NYK	Boston Celtics	New York Knicks
2019-02-01	8:00 PM	OKC	MIA	Oklahoma City Thunder	Miami Heat
2019-02-01	9:00 PM	ATL	UTA	Atlanta Hawks	Utah Jazz
2019-02-02	10:00 PM	PHI	SAC	Philadelphia 76ers	Sacramento Kings
2019-02-02	5:00 PM	LAC	DET	LA Clippers	Detroit Pistons
2019-02-02	7:00 PM	BKN	ORL	Brooklyn Nets	Orlando Magic
2019-02-02	7:00 PM	CHI	CHA	Chicago Bulls	Charlotte Hornets
2019-02-02	7:00 PM	MIL	WAS	Milwaukee Bucks	Washington Wizards
2019-02-02	7:30 PM	DAL	CLE	Dallas Mavericks	Cleveland Cavaliers
2019-02-02	7:30 PM	IND	MIA	Indiana Pacers	Miami Heat
2019-02-02	8:30 PM	LAL	GSW	Los Angeles Lakers	Golden State Warriors
2019-02-02	8:30 PM	NOP	SAS	New Orleans Pelicans	San Antonio Spurs
2019-02-02	9:00 PM	ATL	PHX	Atlanta Hawks	Phoenix Suns
2019-02-02	9:00 PM	DEN	MIN	Denver Nuggets	Minnesota Timberwolves
2019-02-02	9:00 PM	HOU	UTA	Houston Rockets	Utah Jazz
2019-02-03	1:00 PM	MEM	NYK	Memphis Grizzlies	New York Knicks
2019-02-03	2:00 PM	OKC	BOS	Oklahoma City Thunder	Boston Celtics
2019-02-03	3:00 PM	LAC	TOR	LA Clippers	Toronto Raptors
2019-02-04	10:00 PM	SAS	SAC	San Antonio Spurs	Sacramento Kings
2019-02-04	7:00 PM	ATL	WAS	Atlanta Hawks	Washington Wizards
2019-02-04	7:00 PM	DEN	DET	Denver Nuggets	Detroit Pistons
2019-02-04	7:30 PM	MIL	BKN	Milwaukee Bucks	Brooklyn Nets
2019-02-04	8:00 PM	IND	NOP	Indiana Pacers	New Orleans Pelicans
2019-02-04	9:00 PM	HOU	PHX	Houston Rockets	Phoenix Suns
2019-02-05	10:30 PM	MIA	POR	Miami Heat	Portland Trail Blazers
2019-02-05	7:00 PM	BOS	CLE	Boston Celtics	Cleveland Cavaliers
2019-02-05	7:00 PM	LAC	CHA	LA Clippers	Charlotte Hornets
2019-02-05	7:00 PM	LAL	IND	Los Angeles Lakers	Indiana Pacers
2019-02-05	7:30 PM	DET	NYK	Detroit Pistons	New York Knicks
2019-02-05	8:00 PM	MIN	MEM	Minnesota Timberwolves	Memphis Grizzlies
2019-02-05	8:00 PM	ORL	OKC	Orlando Magic	Oklahoma City Thunder
2019-02-05	8:00 PM	TOR	PHI	Toronto Raptors	Philadelphia 76ers
2019-02-06	10:00 PM	HOU	SAC	Houston Rockets	Sacramento Kings
2019-02-06	10:30 PM	SAS	GSW	San Antonio Spurs	Golden State Warriors
2019-02-06	7:30 PM	DEN	BKN	Denver Nuggets	Brooklyn Nets
2019-02-06	8:00 PM	NOP	CHI	New Orleans Pelicans	Chicago Bulls
2019-02-06	8:00 PM	WAS	MIL	Washington Wizards	Milwaukee Bucks
2019-02-06	8:30 PM	CHA	DAL	Charlotte Hornets	Dallas Mavericks
2019-02-06	9:00 PM	PHX	UTA	Phoenix Suns	Utah Jazz
2019-02-07	10:30 PM	SAS	POR	San Antonio Spurs	Portland Trail Blazers
2019-02-07	7:00 PM	LAC	IND	LA Clippers	Indiana Pacers
2019-02-07	7:00 PM	MIN	ORL	Minnesota Timberwolves	Orlando Magic
2019-02-07	7:30 PM	TOR	ATL	Toronto Raptors	Atlanta Hawks
2019-02-07	8:00 PM	LAL	BOS	Los Angeles Lakers	Boston Celtics
2019-02-07	8:00 PM	MEM	OKC	Memphis Grizzlies	Oklahoma City Thunder
2019-02-08	10:00 PM	MIA	SAC	Miami Heat	Sacramento Kings
2019-02-08	7:00 PM	CLE	WAS	Cleveland Cavaliers	Washington Wizards
2019-02-08	7:00 PM	DEN	PHI	Denver Nuggets	Philadelphia 76ers
2019-02-08	7:00 PM	NYK	DET	New York Knicks	Detroit Pistons
2019-02-08	7:30 PM	CHI	BKN	Chicago Bulls	Brooklyn Nets
2019-02-08	8:30 PM	MIL	DAL	Milwaukee Bucks	Dallas Mavericks
2019-02-08	9:00 PM	GSW	PHX	Golden State Warriors	Phoenix Suns
2019-02-08	9:30 PM	MIN	NOP	Minnesota Timberwolves	New Orleans Pelicans
2019-02-09	5:00 PM	SAS	UTA	San Antonio Spurs	Utah Jazz
2019-02-09	7:00 PM	CLE	IND	Cleveland Cavaliers	Indiana Pacers
2019-02-09	7:30 PM	CHA	ATL	Charlotte Hornets	Atlanta Hawks
2019-02-09	7:30 PM	TOR	NYK	Toronto Raptors	New York Knicks
2019-02-09	8:00 PM	LAC	BOS	LA Clippers	Boston Celtics
2019-02-09	8:00 PM	NOP	MEM	New Orleans Pelicans	Memphis Grizzlies
2019-02-09	8:00 PM	WAS	CHI	Washington Wizards	Chicago Bulls
2019-02-09	8:30 PM	OKC	HOU	Oklahoma City Thunder	Houston Rockets
2019-02-09	9:00 PM	ORL	MIL	Orlando Magic	Milwaukee Bucks
2019-02-10	3:00 PM	POR	DAL	Portland Trail Blazers	Dallas Mavericks
2019-02-10	3:30 PM	LAL	PHI	Los Angeles Lakers	Philadelphia 76ers
2019-02-10	6:00 PM	PHX	SAC	Phoenix Suns	Sacramento Kings
2019-02-10	7:30 PM	ORL	ATL	Orlando Magic	Atlanta Hawks
2019-02-10	8:30 PM	MIA	GSW	Miami Heat	Golden State Warriors
2019-02-11	7:00 PM	CHA	IND	Charlotte Hornets	Indiana Pacers
2019-02-11	7:00 PM	NYK	CLE	New York Knicks	Cleveland Cavaliers
2019-02-11	7:00 PM	WAS	DET	Washington Wizards	Detroit Pistons
2019-02-11	7:30 PM	BKN	TOR	Brooklyn Nets	Toronto Raptors
2019-02-11	8:00 PM	DAL	HOU	Dallas Mavericks	Houston Rockets
2019-02-11	8:00 PM	LAC	MIN	LA Clippers	Minnesota Timberwolves
2019-02-11	8:00 PM	MIL	CHI	Milwaukee Bucks	Chicago Bulls
2019-02-11	8:00 PM	POR	OKC	Portland Trail Blazers	Oklahoma City Thunder
2019-02-11	9:00 PM	MIA	DEN	Miami Heat	Denver Nuggets
2019-02-12	10:30 PM	UTA	GSW	Utah Jazz	Golden State Warriors
2019-02-12	7:30 PM	LAL	ATL	Los Angeles Lakers	Atlanta Hawks
2019-02-12	8:00 PM	BOS	PHI	Boston Celtics	Philadelphia 76ers
2019-02-12	8:00 PM	ORL	NOP	Orlando Magic	New Orleans Pelicans
2019-02-12	8:00 PM	SAS	MEM	San Antonio Spurs	Memphis Grizzlies
2019-02-13	10:00 PM	GSW	POR	Golden State Warriors	Portland Trail Blazers
2019-02-13	10:30 PM	PHX	LAC	Phoenix Suns	LA Clippers
2019-02-13	7:00 PM	BKN	CLE	Brooklyn Nets	Cleveland Cavaliers
2019-02-13	7:00 PM	MIL	IND	Milwaukee Bucks	Indiana Pacers
2019-02-13	7:30 PM	DET	BOS	Detroit Pistons	Boston Celtics
2019-02-13	7:30 PM	PHI	NYK	Philadelphia 76ers	New York Knicks
2019-02-13	7:30 PM	WAS	TOR	Washington Wizards	Toronto Raptors
2019-02-13	8:00 PM	MEM	CHI	Memphis Grizzlies	Chicago Bulls
2019-02-13	8:30 PM	MIA	DAL	Miami Heat	Dallas Mavericks
2019-02-13	9:00 PM	SAC	DEN	Sacramento Kings	Denver Nuggets
2019-02-13	9:30 PM	HOU	MIN	Houston Rockets	Minnesota Timberwolves
2019-02-14	7:00 PM	CHA	ORL	Charlotte Hornets	Orlando Magic
2019-02-14	7:30 PM	NYK	ATL	New York Knicks	Atlanta Hawks
2019-02-14	8:00 PM	OKC	NOP	Oklahoma City Thunder	New Orleans Pelicans
2019-02-21	10:30 PM	HOU	LAL	Houston Rockets	Los Angeles Lakers
2019-02-21	10:30 PM	SAC	GSW	Sacramento Kings	Golden State Warriors
2019-02-21	7:00 PM	MIA	PHI	Miami Heat	Philadelphia 76ers
2019-02-21	7:00 PM	PHX	CLE	Phoenix Suns	Cleveland Cavaliers
2019-02-21	7:30 PM	POR	BKN	Portland Trail Blazers	Brooklyn Nets
2019-02-21	8:00 PM	BOS	MIL	Boston Celtics	Milwaukee Bucks
2019-02-22	7:00 PM	CHI	ORL	Chicago Bulls	Orlando Magic
2019-02-22	7:00 PM	NOP	IND	New Orleans Pelicans	Indiana Pacers
2019-02-22	7:00 PM	SAS	TOR	San Antonio Spurs	Toronto Raptors
2019-02-22	7:00 PM	WAS	CHA	Washington Wizards	Charlotte Hornets
2019-02-22	7:30 PM	DET	ATL	Detroit Pistons	Atlanta Hawks
2019-02-22	7:30 PM	MIN	NYK	Minnesota Timberwolves	New York Knicks
2019-02-22	8:00 PM	LAC	MEM	LA Clippers	Memphis Grizzlies
2019-02-22	8:30 PM	DEN	DAL	Denver Nuggets	Dallas Mavericks
2019-02-22	9:30 PM	UTA	OKC	Utah Jazz	Oklahoma City Thunder
2019-02-23	10:00 PM	DAL	UTA	Dallas Mavericks	Utah Jazz
2019-02-23	1:00 PM	POR	PHI	Portland Trail Blazers	Philadelphia 76ers
2019-02-23	7:00 PM	BKN	CHA	Brooklyn Nets	Charlotte Hornets
2019-02-23	7:00 PM	IND	WAS	Indiana Pacers	Washington Wizards
2019-02-23	7:00 PM	LAL	NOP	Los Angeles Lakers	New Orleans Pelicans
2019-02-23	7:00 PM	MEM	CLE	Memphis Grizzlies	Cleveland Cavaliers
2019-02-23	7:00 PM	PHX	ATL	Phoenix Suns	Atlanta Hawks
2019-02-23	7:30 PM	DET	MIA	Detroit Pistons	Miami Heat
2019-02-23	8:00 PM	BOS	CHI	Boston Celtics	Chicago Bulls
2019-02-23	8:00 PM	SAC	OKC	Sacramento Kings	Oklahoma City Thunder
2019-02-23	8:30 PM	HOU	GSW	Houston Rockets	Golden State Warriors
2019-02-23	8:30 PM	MIN	MIL	Minnesota Timberwolves	Milwaukee Bucks
2019-02-24	3:30 PM	ORL	TOR	Orlando Magic	Toronto Raptors
2019-02-24	5:00 PM	LAC	DEN	LA Clippers	Denver Nuggets
2019-02-24	7:30 PM	SAS	NYK	San Antonio Spurs	New York Knicks
2019-02-25	10:30 PM	DAL	LAC	Dallas Mavericks	LA Clippers
2019-02-25	7:00 PM	GSW	CHA	Golden State Warriors	Charlotte Hornets
2019-02-25	7:00 PM	IND	DET	Indiana Pacers	Detroit Pistons
2019-02-25	7:00 PM	POR	CLE	Portland Trail Blazers	Cleveland Cavaliers
2019-02-25	7:30 PM	PHX	MIA	Phoenix Suns	Miami Heat
2019-02-25	7:30 PM	SAS	BKN	San Antonio Spurs	Brooklyn Nets
2019-02-25	8:00 PM	ATL	HOU	Atlanta Hawks	Houston Rockets
2019-02-25	8:00 PM	LAL	MEM	Los Angeles Lakers	Memphis Grizzlies
2019-02-25	8:00 PM	MIL	CHI	Milwaukee Bucks	Chicago Bulls
2019-02-25	8:00 PM	PHI	NOP	Philadelphia 76ers	New Orleans Pelicans
2019-02-25	8:00 PM	SAC	MIN	Sacramento Kings	Minnesota Timberwolves
2019-02-26	10:30 PM	OKC	DEN	Oklahoma City Thunder	Denver Nuggets
2019-02-26	7:30 PM	ORL	NYK	Orlando Magic	New York Knicks
2019-02-26	8:00 PM	BOS	TOR	Boston Celtics	Toronto Raptors
2019-02-27	10:00 PM	MIL	SAC	Milwaukee Bucks	Sacramento Kings
2019-02-27	10:30 PM	NOP	LAL	New Orleans Pelicans	Los Angeles Lakers
2019-02-27	7:00 PM	HOU	CHA	Houston Rockets	Charlotte Hornets
2019-02-27	7:30 PM	GSW	MIA	Golden State Warriors	Miami Heat
2019-02-27	7:30 PM	MIN	ATL	Minnesota Timberwolves	Atlanta Hawks
2019-02-27	7:30 PM	POR	BOS	Portland Trail Blazers	Boston Celtics
2019-02-27	7:30 PM	WAS	BKN	Washington Wizards	Brooklyn Nets
2019-02-27	8:00 PM	CHI	MEM	Chicago Bulls	Memphis Grizzlies
2019-02-27	8:00 PM	DET	SAS	Detroit Pistons	San Antonio Spurs
2019-02-27	8:30 PM	IND	DAL	Indiana Pacers	Dallas Mavericks
2019-02-27	9:00 PM	LAC	UTA	LA Clippers	Utah Jazz
2019-02-28	7:00 PM	GSW	ORL	Golden State Warriors	Orlando Magic
2019-02-28	7:00 PM	MIN	IND	Minnesota Timberwolves	Indiana Pacers
2019-02-28	7:30 PM	CLE	NYK	Cleveland Cavaliers	New York Knicks
2019-02-28	8:00 PM	MIA	HOU	Miami Heat	Houston Rockets
2019-02-28	9:00 PM	UTA	DEN	Utah Jazz	Denver Nuggets
2019-02-28	9:30 PM	PHI	OKC	Philadelphia 76ers	Oklahoma City Thunder
2019-03-01	10:00 PM	LAC	SAC	LA Clippers	Sacramento Kings
2019-03-01	10:30 PM	MIL	LAL	Milwaukee Bucks	Los Angeles Lakers
2019-03-01	7:30 PM	CHA	BKN	Charlotte Hornets	Brooklyn Nets
2019-03-01	7:30 PM	CHI	ATL	Chicago Bulls	Atlanta Hawks
2019-03-01	7:30 PM	POR	TOR	Portland Trail Blazers	Toronto Raptors
2019-03-01	8:00 PM	WAS	BOS	Washington Wizards	Boston Celtics
2019-03-01	9:00 PM	NOP	PHX	New Orleans Pelicans	Phoenix Suns
2019-03-02	5:00 PM	DET	CLE	Detroit Pistons	Cleveland Cavaliers
2019-03-02	7:00 PM	ORL	IND	Orlando Magic	Indiana Pacers
2019-03-02	7:30 PM	BKN	MIA	Brooklyn Nets	Miami Heat
2019-03-02	8:30 PM	GSW	PHI	Golden State Warriors	Philadelphia 76ers
2019-03-02	8:30 PM	MEM	DAL	Memphis Grizzlies	Dallas Mavericks
2019-03-02	8:30 PM	OKC	SAS	Oklahoma City Thunder	San Antonio Spurs
2019-03-02	9:00 PM	LAL	PHX	Los Angeles Lakers	Phoenix Suns
2019-03-02	9:00 PM	MIL	UTA	Milwaukee Bucks	Utah Jazz
2019-03-02	9:00 PM	NOP	DEN	New Orleans Pelicans	Denver Nuggets
2019-03-03	1:00 PM	POR	CHA	Portland Trail Blazers	Charlotte Hornets
2019-03-03	3:30 PM	ATL	CHI	Atlanta Hawks	Chicago Bulls
2019-03-03	3:30 PM	HOU	BOS	Houston Rockets	Boston Celtics
2019-03-03	3:30 PM	NYK	LAC	New York Knicks	LA Clippers
2019-03-03	6:00 PM	MIN	WAS	Minnesota Timberwolves	Washington Wizards
2019-03-03	6:00 PM	ORL	CLE	Orlando Magic	Cleveland Cavaliers
2019-03-03	6:00 PM	TOR	DET	Toronto Raptors	Detroit Pistons
2019-03-03	7:00 PM	MEM	OKC	Memphis Grizzlies	Oklahoma City Thunder
2019-03-04	10:00 PM	NYK	SAC	New York Knicks	Sacramento Kings
2019-03-04	10:30 PM	LAC	LAL	LA Clippers	Los Angeles Lakers
2019-03-04	7:30 PM	ATL	MIA	Atlanta Hawks	Miami Heat
2019-03-04	7:30 PM	DAL	BKN	Dallas Mavericks	Brooklyn Nets
2019-03-04	8:30 PM	DEN	SAS	Denver Nuggets	San Antonio Spurs
2019-03-04	9:00 PM	MIL	PHX	Milwaukee Bucks	Phoenix Suns
2019-03-04	9:00 PM	NOP	UTA	New Orleans Pelicans	Utah Jazz
2019-03-05	10:30 PM	BOS	GSW	Boston Celtics	Golden State Warriors
2019-03-05	7:00 PM	CHI	IND	Chicago Bulls	Indiana Pacers
2019-03-05	7:00 PM	ORL	PHI	Orlando Magic	Philadelphia 76ers
2019-03-05	8:00 PM	HOU	TOR	Houston Rockets	Toronto Raptors
2019-03-05	8:00 PM	OKC	MIN	Oklahoma City Thunder	Minnesota Timberwolves
2019-03-05	8:00 PM	POR	MEM	Portland Trail Blazers	Memphis Grizzlies
2019-03-06	10:00 PM	BOS	SAC	Boston Celtics	Sacramento Kings
2019-03-06	10:30 PM	DEN	LAL	Denver Nuggets	Los Angeles Lakers
2019-03-06	7:00 PM	DAL	WAS	Dallas Mavericks	Washington Wizards
2019-03-06	7:00 PM	MIA	CHA	Miami Heat	Charlotte Hornets
2019-03-06	7:00 PM	MIN	DET	Minnesota Timberwolves	Detroit Pistons
2019-03-06	7:30 PM	CLE	BKN	Cleveland Cavaliers	Brooklyn Nets
2019-03-06	7:30 PM	SAS	ATL	San Antonio Spurs	Atlanta Hawks
2019-03-06	8:00 PM	PHI	CHI	Philadelphia 76ers	Chicago Bulls
2019-03-06	8:00 PM	UTA	NOP	Utah Jazz	New Orleans Pelicans
2019-03-06	9:00 PM	NYK	PHX	New York Knicks	Phoenix Suns
2019-03-07	10:30 PM	OKC	POR	Oklahoma City Thunder	Portland Trail Blazers
2019-03-07	8:00 PM	IND	MIL	Indiana Pacers	Milwaukee Bucks
2019-03-08	10:30 PM	DEN	GSW	Denver Nuggets	Golden State Warriors
2019-03-08	10:30 PM	OKC	LAC	Oklahoma City Thunder	LA Clippers
2019-03-08	7:00 PM	DAL	ORL	Dallas Mavericks	Orlando Magic
2019-03-08	7:00 PM	WAS	CHA	Washington Wizards	Charlotte Hornets
2019-03-08	8:00 PM	CLE	MIA	Cleveland Cavaliers	Miami Heat
2019-03-08	8:00 PM	DET	CHI	Detroit Pistons	Chicago Bulls
2019-03-08	8:00 PM	PHI	HOU	Philadelphia 76ers	Houston Rockets
2019-03-08	8:00 PM	TOR	NOP	Toronto Raptors	New Orleans Pelicans
2019-03-08	8:00 PM	UTA	MEM	Utah Jazz	Memphis Grizzlies
2019-03-09	10:00 PM	PHX	POR	Phoenix Suns	Portland Trail Blazers
2019-03-09	12:00 PM	SAC	NYK	Sacramento Kings	New York Knicks
2019-03-09	7:00 PM	BKN	ATL	Brooklyn Nets	Atlanta Hawks
2019-03-09	8:00 PM	WAS	MIN	Washington Wizards	Minnesota Timberwolves
2019-03-09	8:30 PM	BOS	LAL	Boston Celtics	Los Angeles Lakers
2019-03-09	9:00 PM	CHA	MIL	Charlotte Hornets	Milwaukee Bucks
2019-03-10	12:00 PM	CHI	DET	Chicago Bulls	Detroit Pistons
2019-03-10	3:30 PM	IND	PHI	Indiana Pacers	Philadelphia 76ers
2019-03-10	3:30 PM	TOR	MIA	Toronto Raptors	Miami Heat
2019-03-10	6:00 PM	NOP	ATL	New Orleans Pelicans	Atlanta Hawks
2019-03-10	6:00 PM	ORL	MEM	Orlando Magic	Memphis Grizzlies
2019-03-10	7:00 PM	HOU	DAL	Houston Rockets	Dallas Mavericks
2019-03-10	8:00 PM	MIL	SAS	Milwaukee Bucks	San Antonio Spurs
2019-03-10	8:00 PM	NYK	MIN	New York Knicks	Minnesota Timberwolves
2019-03-10	8:30 PM	PHX	GSW	Phoenix Suns	Golden State Warriors
2019-03-11	10:30 PM	BOS	LAC	Boston Celtics	LA Clippers
2019-03-11	7:00 PM	SAC	WAS	Sacramento Kings	Washington Wizards
2019-03-11	7:00 PM	TOR	CLE	Toronto Raptors	Cleveland Cavaliers
2019-03-11	7:30 PM	DET	BKN	Detroit Pistons	Brooklyn Nets
2019-03-11	8:00 PM	CHA	HOU	Charlotte Hornets	Houston Rockets
2019-03-11	9:00 PM	OKC	UTA	Oklahoma City Thunder	Utah Jazz
2019-03-12	10:30 PM	MIN	DEN	Minnesota Timberwolves	Denver Nuggets
2019-03-12	10:30 PM	POR	LAC	Portland Trail Blazers	LA Clippers
2019-03-12	7:00 PM	CLE	PHI	Cleveland Cavaliers	Philadelphia 76ers
2019-03-12	7:00 PM	NYK	IND	New York Knicks	Indiana Pacers
2019-03-12	8:00 PM	LAL	CHI	Los Angeles Lakers	Chicago Bulls
2019-03-12	8:00 PM	MIL	NOP	Milwaukee Bucks	New Orleans Pelicans
2019-03-12	8:30 PM	SAS	DAL	San Antonio Spurs	Dallas Mavericks
2019-03-13	10:00 PM	UTA	PHX	Utah Jazz	Phoenix Suns
2019-03-13	7:00 PM	DET	MIA	Detroit Pistons	Miami Heat
2019-03-13	7:00 PM	ORL	WAS	Orlando Magic	Washington Wizards
2019-03-13	7:30 PM	MEM	ATL	Memphis Grizzlies	Atlanta Hawks
2019-03-13	8:00 PM	BKN	OKC	Brooklyn Nets	Oklahoma City Thunder
2019-03-13	9:30 PM	GSW	HOU	Golden State Warriors	Houston Rockets
2019-03-14	10:30 PM	DAL	DEN	Dallas Mavericks	Denver Nuggets
2019-03-14	7:00 PM	CLE	ORL	Cleveland Cavaliers	Orlando Magic
2019-03-14	7:00 PM	OKC	IND	Oklahoma City Thunder	Indiana Pacers
2019-03-14	7:30 PM	SAC	BOS	Sacramento Kings	Boston Celtics
2019-03-14	8:00 PM	LAL	TOR	Los Angeles Lakers	Toronto Raptors
2019-03-14	9:00 PM	MIN	UTA	Minnesota Timberwolves	Utah Jazz
2019-03-15	10:30 PM	CHI	LAC	Chicago Bulls	LA Clippers
2019-03-15	7:00 PM	CHA	WAS	Charlotte Hornets	Washington Wizards
2019-03-15	7:00 PM	LAL	DET	Los Angeles Lakers	Detroit Pistons
2019-03-15	7:00 PM	SAC	PHI	Sacramento Kings	Philadelphia 76ers
2019-03-15	8:00 PM	MIL	MIA	Milwaukee Bucks	Miami Heat
2019-03-15	8:00 PM	PHX	HOU	Phoenix Suns	Houston Rockets
2019-03-15	8:00 PM	POR	NOP	Portland Trail Blazers	New Orleans Pelicans
2019-03-15	8:30 PM	NYK	SAS	New York Knicks	San Antonio Spurs
2019-03-16	12:30 PM	ATL	BOS	Atlanta Hawks	Boston Celtics
2019-03-16	7:00 PM	MEM	WAS	Memphis Grizzlies	Washington Wizards
2019-03-16	7:00 PM	PHX	NOP	Phoenix Suns	New Orleans Pelicans
2019-03-16	8:30 PM	CLE	DAL	Cleveland Cavaliers	Dallas Mavericks
2019-03-16	8:30 PM	GSW	OKC	Golden State Warriors	Oklahoma City Thunder
2019-03-16	8:30 PM	POR	SAS	Portland Trail Blazers	San Antonio Spurs
2019-03-16	9:00 PM	BKN	UTA	Brooklyn Nets	Utah Jazz
2019-03-16	9:00 PM	IND	DEN	Indiana Pacers	Denver Nuggets
2019-03-17	12:00 PM	LAL	NYK	Los Angeles Lakers	New York Knicks
2019-03-17	1:00 PM	CHA	MIA	Charlotte Hornets	Miami Heat
2019-03-17	3:30 PM	PHI	MIL	Philadelphia 76ers	Milwaukee Bucks
2019-03-17	4:00 PM	TOR	DET	Toronto Raptors	Detroit Pistons
2019-03-17	6:00 PM	ATL	ORL	Atlanta Hawks	Orlando Magic
2019-03-17	6:00 PM	CHI	SAC	Chicago Bulls	Sacramento Kings
2019-03-17	9:00 PM	BKN	LAC	Brooklyn Nets	LA Clippers
2019-03-17	9:00 PM	MIN	HOU	Minnesota Timberwolves	Houston Rockets
2019-03-18	10:00 PM	CHI	PHX	Chicago Bulls	Phoenix Suns
2019-03-18	10:30 PM	IND	POR	Indiana Pacers	Portland Trail Blazers
2019-03-18	7:00 PM	DET	CLE	Detroit Pistons	Cleveland Cavaliers
2019-03-18	7:00 PM	UTA	WAS	Utah Jazz	Washington Wizards
2019-03-18	7:30 PM	DEN	BOS	Denver Nuggets	Boston Celtics
2019-03-18	7:30 PM	NYK	TOR	New York Knicks	Toronto Raptors
2019-03-18	8:00 PM	GSW	SAS	Golden State Warriors	San Antonio Spurs
2019-03-18	8:00 PM	MIA	OKC	Miami Heat	Oklahoma City Thunder
2019-03-18	8:30 PM	NOP	DAL	New Orleans Pelicans	Dallas Mavericks
2019-03-19	10:00 PM	BKN	SAC	Brooklyn Nets	Sacramento Kings
2019-03-19	10:30 PM	IND	LAC	Indiana Pacers	LA Clippers
2019-03-19	7:00 PM	PHI	CHA	Philadelphia 76ers	Charlotte Hornets
2019-03-19	7:30 PM	HOU	ATL	Houston Rockets	Atlanta Hawks
2019-03-19	8:00 PM	GSW	MIN	Golden State Warriors	Minnesota Timberwolves
2019-03-19	8:00 PM	LAL	MIL	Los Angeles Lakers	Milwaukee Bucks
2019-03-20	10:00 PM	DAL	POR	Dallas Mavericks	Portland Trail Blazers
2019-03-20	7:00 PM	BOS	PHI	Boston Celtics	Philadelphia 76ers
2019-03-20	7:00 PM	MIL	CLE	Milwaukee Bucks	Cleveland Cavaliers
2019-03-20	7:00 PM	NOP	ORL	New Orleans Pelicans	Orlando Magic
2019-03-20	7:30 PM	UTA	NYK	Utah Jazz	New York Knicks
2019-03-20	8:00 PM	HOU	MEM	Houston Rockets	Memphis Grizzlies
2019-03-20	8:00 PM	WAS	CHI	Washington Wizards	Chicago Bulls
2019-03-20	8:30 PM	MIA	SAS	Miami Heat	San Antonio Spurs
2019-03-20	9:30 PM	TOR	OKC	Toronto Raptors	Oklahoma City Thunder
2019-03-21	10:00 PM	DAL	SAC	Dallas Mavericks	Sacramento Kings
2019-03-21	10:00 PM	DET	PHX	Detroit Pistons	Phoenix Suns
2019-03-21	10:30 PM	IND	GSW	Indiana Pacers	Golden State Warriors
2019-03-21	7:00 PM	DEN	WAS	Denver Nuggets	Washington Wizards
2019-03-21	7:00 PM	MIN	CHA	Minnesota Timberwolves	Charlotte Hornets
2019-03-21	7:30 PM	UTA	ATL	Utah Jazz	Atlanta Hawks
2019-03-22	10:30 PM	BKN	LAL	Brooklyn Nets	Los Angeles Lakers
2019-03-22	7:00 PM	MEM	ORL	Memphis Grizzlies	Orlando Magic
2019-03-22	7:30 PM	DEN	NYK	Denver Nuggets	New York Knicks
2019-03-22	7:30 PM	LAC	CLE	LA Clippers	Cleveland Cavaliers
2019-03-22	7:30 PM	OKC	TOR	Oklahoma City Thunder	Toronto Raptors
2019-03-22	8:00 PM	SAS	HOU	San Antonio Spurs	Houston Rockets
2019-03-22	8:30 PM	MIA	MIL	Miami Heat	Milwaukee Bucks
2019-03-23	10:00 PM	DET	POR	Detroit Pistons	Portland Trail Blazers
2019-03-23	10:00 PM	PHX	SAC	Phoenix Suns	Sacramento Kings
2019-03-23	6:00 PM	BOS	CHA	Boston Celtics	Charlotte Hornets
2019-03-23	7:00 PM	MIA	WAS	Miami Heat	Washington Wizards
2019-03-23	7:30 PM	PHI	ATL	Philadelphia 76ers	Atlanta Hawks
2019-03-23	8:00 PM	MIN	MEM	Minnesota Timberwolves	Memphis Grizzlies
2019-03-23	8:00 PM	UTA	CHI	Utah Jazz	Chicago Bulls
2019-03-23	8:30 PM	DAL	GSW	Dallas Mavericks	Golden State Warriors
2019-03-24	12:00 PM	LAC	NYK	LA Clippers	New York Knicks
2019-03-24	4:30 PM	CLE	MIL	Cleveland Cavaliers	Milwaukee Bucks
2019-03-24	5:00 PM	DEN	IND	Denver Nuggets	Indiana Pacers
2019-03-24	6:00 PM	CHA	TOR	Charlotte Hornets	Toronto Raptors
2019-03-24	7:00 PM	HOU	NOP	Houston Rockets	New Orleans Pelicans
2019-03-24	7:30 PM	SAS	BOS	San Antonio Spurs	Boston Celtics
2019-03-24	8:30 PM	DET	GSW	Detroit Pistons	Golden State Warriors
2019-03-24	9:30 PM	SAC	LAL	Sacramento Kings	Los Angeles Lakers
2019-03-25	10:00 PM	BKN	POR	Brooklyn Nets	Portland Trail Blazers
2019-03-25	7:00 PM	PHI	ORL	Philadelphia 76ers	Orlando Magic
2019-03-25	8:00 PM	OKC	MEM	Oklahoma City Thunder	Memphis Grizzlies
2019-03-25	9:00 PM	PHX	UTA	Phoenix Suns	Utah Jazz
2019-03-26	10:30 PM	WAS	LAL	Washington Wizards	Los Angeles Lakers
2019-03-26	7:00 PM	BOS	CLE	Boston Celtics	Cleveland Cavaliers
2019-03-26	7:00 PM	SAS	CHA	San Antonio Spurs	Charlotte Hornets
2019-03-26	7:30 PM	CHI	TOR	Chicago Bulls	Toronto Raptors
2019-03-26	7:30 PM	ORL	MIA	Orlando Magic	Miami Heat
2019-03-26	8:00 PM	ATL	NOP	Atlanta Hawks	New Orleans Pelicans
2019-03-26	8:00 PM	HOU	MIL	Houston Rockets	Milwaukee Bucks
2019-03-26	8:00 PM	LAC	MIN	LA Clippers	Minnesota Timberwolves
2019-03-26	8:30 PM	SAC	DAL	Sacramento Kings	Dallas Mavericks
2019-03-26	9:00 PM	DET	DEN	Detroit Pistons	Denver Nuggets
2019-03-27	10:00 PM	WAS	PHX	Washington Wizards	Phoenix Suns
2019-03-27	10:30 PM	LAL	UTA	Los Angeles Lakers	Utah Jazz
2019-03-27	8:00 PM	GSW	MEM	Golden State Warriors	Memphis Grizzlies
2019-03-27	8:00 PM	IND	OKC	Indiana Pacers	Oklahoma City Thunder
2019-03-27	8:00 PM	POR	CHI	Portland Trail Blazers	Chicago Bulls
2019-03-28	7:00 PM	BKN	PHI	Brooklyn Nets	Philadelphia 76ers
2019-03-28	7:00 PM	ORL	DET	Orlando Magic	Detroit Pistons
2019-03-28	7:30 PM	DAL	MIA	Dallas Mavericks	Miami Heat
2019-03-28	7:30 PM	TOR	NYK	Toronto Raptors	New York Knicks
2019-03-28	8:00 PM	DEN	HOU	Denver Nuggets	Houston Rockets
2019-03-28	8:00 PM	LAC	MIL	LA Clippers	Milwaukee Bucks
2019-03-28	8:00 PM	SAC	NOP	Sacramento Kings	New Orleans Pelicans
2019-03-28	8:30 PM	CLE	SAS	Cleveland Cavaliers	San Antonio Spurs
2019-03-29	10:30 PM	CHA	LAL	Charlotte Hornets	Los Angeles Lakers
2019-03-29	7:00 PM	IND	BOS	Indiana Pacers	Boston Celtics
2019-03-29	7:30 PM	POR	ATL	Portland Trail Blazers	Atlanta Hawks
2019-03-29	8:00 PM	DEN	OKC	Denver Nuggets	Oklahoma City Thunder
2019-03-29	8:00 PM	GSW	MIN	Golden State Warriors	Minnesota Timberwolves
2019-03-29	9:00 PM	WAS	UTA	Washington Wizards	Utah Jazz
2019-03-30	10:00 PM	MEM	PHX	Memphis Grizzlies	Phoenix Suns
2019-03-30	3:30 PM	CLE	LAC	Cleveland Cavaliers	LA Clippers
2019-03-30	6:00 PM	BOS	BKN	Boston Celtics	Brooklyn Nets
2019-03-30	6:00 PM	SAC	HOU	Sacramento Kings	Houston Rockets
2019-03-30	7:00 PM	ORL	IND	Orlando Magic	Indiana Pacers
2019-03-30	7:00 PM	POR	DET	Portland Trail Blazers	Detroit Pistons
2019-03-30	7:30 PM	MIA	NYK	Miami Heat	New York Knicks
2019-03-30	8:00 PM	PHI	MIN	Philadelphia 76ers	Minnesota Timberwolves
2019-03-30	8:00 PM	TOR	CHI	Toronto Raptors	Chicago Bulls
2019-03-31	10:30 PM	MEM	LAC	Memphis Grizzlies	LA Clippers
2019-03-31	12:30 PM	MIL	ATL	Milwaukee Bucks	Atlanta Hawks
2019-03-31	3:30 PM	DAL	OKC	Dallas Mavericks	Oklahoma City Thunder
2019-03-31	6:00 PM	LAL	NOP	Los Angeles Lakers	New Orleans Pelicans
2019-03-31	7:00 PM	SAC	SAS	Sacramento Kings	San Antonio Spurs
2019-03-31	8:00 PM	WAS	DEN	Washington Wizards	Denver Nuggets
2019-03-31	8:30 PM	CHA	GSW	Charlotte Hornets	Golden State Warriors
2019-04-01	10:00 PM	CLE	PHX	Cleveland Cavaliers	Phoenix Suns
2019-04-01	7:00 PM	DET	IND	Detroit Pistons	Indiana Pacers
2019-04-01	7:30 PM	CHI	NYK	Chicago Bulls	New York Knicks
2019-04-01	7:30 PM	MIA	BOS	Miami Heat	Boston Celtics
2019-04-01	7:30 PM	MIL	BKN	Milwaukee Bucks	Brooklyn Nets
2019-04-01	7:30 PM	ORL	TOR	Orlando Magic	Toronto Raptors
2019-04-01	8:00 PM	POR	MIN	Portland Trail Blazers	Minnesota Timberwolves
2019-04-01	8:30 PM	PHI	DAL	Philadelphia 76ers	Dallas Mavericks
2019-04-01	9:00 PM	CHA	UTA	Charlotte Hornets	Utah Jazz
2019-04-02	10:00 PM	HOU	SAC	Houston Rockets	Sacramento Kings
2019-04-02	10:30 PM	DEN	GSW	Denver Nuggets	Golden State Warriors
2019-04-02	8:00 PM	LAL	OKC	Los Angeles Lakers	Oklahoma City Thunder
2019-04-02	8:30 PM	ATL	SAS	Atlanta Hawks	San Antonio Spurs
2019-04-03	10:00 PM	MEM	POR	Memphis Grizzlies	Portland Trail Blazers
2019-04-03	10:00 PM	UTA	PHX	Utah Jazz	Phoenix Suns
2019-04-03	10:30 PM	HOU	LAC	Houston Rockets	LA Clippers
2019-04-03	7:00 PM	CHI	WAS	Chicago Bulls	Washington Wizards
2019-04-03	7:00 PM	IND	DET	Indiana Pacers	Detroit Pistons
2019-04-03	7:00 PM	NYK	ORL	New York Knicks	Orlando Magic
2019-04-03	7:30 PM	BOS	MIA	Boston Celtics	Miami Heat
2019-04-03	7:30 PM	PHI	ATL	Philadelphia 76ers	Atlanta Hawks
2019-04-03	7:30 PM	TOR	BKN	Toronto Raptors	Brooklyn Nets
2019-04-03	8:00 PM	CHA	NOP	Charlotte Hornets	New Orleans Pelicans
2019-04-03	8:30 PM	MIN	DAL	Minnesota Timberwolves	Dallas Mavericks
2019-04-03	9:00 PM	SAS	DEN	San Antonio Spurs	Denver Nuggets
2019-04-04	10:00 PM	CLE	SAC	Cleveland Cavaliers	Sacramento Kings
2019-04-04	10:30 PM	GSW	LAL	Golden State Warriors	Los Angeles Lakers
2019-04-04	8:00 PM	MIL	PHI	Milwaukee Bucks	Philadelphia 76ers
2019-04-05	10:00 PM	NOP	PHX	New Orleans Pelicans	Phoenix Suns
2019-04-05	10:30 PM	CLE	GSW	Cleveland Cavaliers	Golden State Warriors
2019-04-05	10:30 PM	LAL	LAC	Los Angeles Lakers	LA Clippers
2019-04-05	10:30 PM	POR	DEN	Portland Trail Blazers	Denver Nuggets
2019-04-05	7:00 PM	ATL	ORL	Atlanta Hawks	Orlando Magic
2019-04-05	7:00 PM	SAS	WAS	San Antonio Spurs	Washington Wizards
2019-04-05	7:00 PM	TOR	CHA	Toronto Raptors	Charlotte Hornets
2019-04-05	8:00 PM	BOS	IND	Boston Celtics	Indiana Pacers
2019-04-05	8:00 PM	DET	OKC	Detroit Pistons	Oklahoma City Thunder
2019-04-05	8:00 PM	MIA	MIN	Miami Heat	Minnesota Timberwolves
2019-04-05	8:00 PM	NYK	HOU	New York Knicks	Houston Rockets
2019-04-05	8:30 PM	MEM	DAL	Memphis Grizzlies	Dallas Mavericks
2019-04-05	9:00 PM	SAC	UTA	Sacramento Kings	Utah Jazz
2019-04-06	5:00 PM	BKN	MIL	Brooklyn Nets	Milwaukee Bucks
2019-04-06	8:00 PM	PHI	CHI	Philadelphia 76ers	Chicago Bulls
2019-04-07	12:00 PM	MIA	TOR	Miami Heat	Toronto Raptors
2019-04-07	3:00 PM	SAS	CLE	San Antonio Spurs	Cleveland Cavaliers
2019-04-07	3:30 PM	OKC	MIN	Oklahoma City Thunder	Minnesota Timberwolves
2019-04-07	4:00 PM	CHA	DET	Charlotte Hornets	Detroit Pistons
2019-04-07	5:00 PM	BKN	IND	Brooklyn Nets	Indiana Pacers
2019-04-07	6:00 PM	DAL	MEM	Dallas Mavericks	Memphis Grizzlies
2019-04-07	7:00 PM	ATL	MIL	Atlanta Hawks	Milwaukee Bucks
2019-04-07	7:00 PM	PHX	HOU	Phoenix Suns	Houston Rockets
2019-04-07	7:30 PM	ORL	BOS	Orlando Magic	Boston Celtics
2019-04-07	7:30 PM	WAS	NYK	Washington Wizards	New York Knicks
2019-04-07	8:30 PM	LAC	GSW	LA Clippers	Golden State Warriors
2019-04-07	9:00 PM	DEN	POR	Denver Nuggets	Portland Trail Blazers
2019-04-07	9:00 PM	NOP	SAC	New Orleans Pelicans	Sacramento Kings
2019-04-07	9:30 PM	UTA	LAL	Utah Jazz	Los Angeles Lakers
2019-04-09	10:30 PM	POR	LAL	Portland Trail Blazers	Los Angeles Lakers
2019-04-09	7:00 PM	BOS	WAS	Boston Celtics	Washington Wizards
2019-04-09	7:00 PM	CHA	CLE	Charlotte Hornets	Cleveland Cavaliers
2019-04-09	7:00 PM	MEM	DET	Memphis Grizzlies	Detroit Pistons
2019-04-09	7:30 PM	PHI	MIA	Philadelphia 76ers	Miami Heat
2019-04-09	8:00 PM	GSW	NOP	Golden State Warriors	New Orleans Pelicans
2019-04-09	8:00 PM	NYK	CHI	New York Knicks	Chicago Bulls
2019-04-09	8:00 PM	TOR	MIN	Toronto Raptors	Minnesota Timberwolves
2019-04-09	8:30 PM	PHX	DAL	Phoenix Suns	Dallas Mavericks
2019-04-09	9:00 PM	DEN	UTA	Denver Nuggets	Utah Jazz
2019-04-09	9:30 PM	HOU	OKC	Houston Rockets	Oklahoma City Thunder
2019-04-10	10:30 PM	MIN	DEN	Minnesota Timberwolves	Denver Nuggets
2019-04-10	10:30 PM	SAC	POR	Sacramento Kings	Portland Trail Blazers
2019-04-10	10:30 PM	UTA	LAC	Utah Jazz	LA Clippers
2019-04-10	8:00 PM	CHI	PHI	Chicago Bulls	Philadelphia 76ers
2019-04-10	8:00 PM	DAL	SAS	Dallas Mavericks	San Antonio Spurs
2019-04-10	8:00 PM	DET	NYK	Detroit Pistons	New York Knicks
2019-04-10	8:00 PM	GSW	MEM	Golden State Warriors	Memphis Grizzlies
2019-04-10	8:00 PM	IND	ATL	Indiana Pacers	Atlanta Hawks
2019-04-10	8:00 PM	MIA	BKN	Miami Heat	Brooklyn Nets
2019-04-10	8:00 PM	OKC	MIL	Oklahoma City Thunder	Milwaukee Bucks
2019-04-10	8:00 PM	ORL	CHA	Orlando Magic	Charlotte Hornets
